id,ident,type,name,latitude_deg,longitude_deg,elevation_ft,continent,country_name,iso_country,region_name,iso_region,local_region,municipality,scheduled_service,gps_code,icao_code,iata_code,local_code,home_link,wikipedia_link,keywords,score,last_updated
1990,CYYZ,large_airport,Toronto Pearson International Airport,43.675935,-79.629421,569,,Canada,CA,Ontario,CA-ON,ON,Toronto,1,CYYZ,CYYZ,YYZ,YYZ,http://www.torontopearson.com/,https://en.wikipedia.org/wiki/Toronto_Pearson_International_Airport,"YTO, Toronto International Airport, Malton",1040275,2026-01-11T23:21:06+00:00
1928,CYUL,large_airport,Montreal / Pierre Elliott Trudeau International Airport,45.467837,-73.742294,118,,Canada,CA,Quebec,CA-QC,QC,Montréal,1,CYUL,CYUL,YUL,YUL,http://www.admtl.com/passager/Home.aspx,https://en.wikipedia.org/wiki/Montréal–Trudeau_International_Airport,"YMQ, Dorval Airport",51875,2025-11-06T18:30:49+00:00
1973,CYYC,large_airport,Calgary International Airport,51.118822,-114.009933,3557,,Canada,CA,Alberta,CA-AB,AB,Calgary,1,CYYC,CYYC,YYC,,http://www.calgaryairport.com/,https://en.wikipedia.org/wiki/Calgary_International_Airport,McCall Field,51275,2024-04-02T16:47:55+00:00
1926,CYTZ,medium_airport,Billy Bishop Toronto City Airport,43.627852,-79.39553,252,,Canada,CA,Ontario,CA-ON,ON,Toronto,1,CYTZ,CYTZ,YTZ,,https://www.billybishopairport.com/,https://en.wikipedia.org/wiki/Billy_Bishop_Toronto_City_Airport,"YTO, Toronto Island Airport",750,2026-01-11T23:21:52+00:00
1717,CYEG,large_airport,Edmonton International Airport,53.3097,-113.580002,2373,,Canada,CA,Alberta,CA-AB,AB,Edmonton,1,CYEG,CYEG,YEG,CYEG,http://www.edmontonairports.com/,https://en.wikipedia.org/wiki/Edmonton_International_Airport,,1475,2023-02-26T00:11:13+00:00
1864,CYQB,large_airport,Quebec Jean Lesage International Airport,46.7911,-71.393303,244,,Canada,CA,Quebec,CA-QC,QC,Quebec,1,CYQB,CYQB,YQB,YQB,http://www.aeroportdequebec.com/,https://en.wikipedia.org/wiki/Qu%C3%A9bec/Jean_Lesage_International_Airport,Quebec City,1050,2021-11-20T16:11:26+00:00
1968,CYXU,large_airport,London International Airport,43.032845,-81.149003,912,,Canada,CA,Ontario,CA-ON,ON,London,1,CYXU,CYXU,YXU,,http://www.londonairport.on.ca/,https://en.wikipedia.org/wiki/London_International_Airport,,1000,2026-01-07T21:28:24+00:00
1763,CYHM,large_airport,John C. Munro Hamilton International Airport,43.17348,-79.931185,780,,Canada,CA,Ontario,CA-ON,ON,Hamilton,1,CYHM,CYHM,YHM,,http://www.flyhi.ca/,https://en.wikipedia.org/wiki/Hamilton/John_C._Munro_International_Airport,Mount Hope Airport,1000,2026-01-07T21:26:44+00:00
1875,CYQR,large_airport,Regina International Airport,50.431938,-104.660906,1894,,Canada,CA,Saskatchewan,CA-SK,SK,Regina,1,CYQR,CYQR,YQR,,,https://en.wikipedia.org/wiki/Regina_International_Airport,"YQR, Roland J. Groome International",1000,2026-01-07T14:13:39+00:00
1743,CYGK,medium_airport,Kingston Norman Rogers Airport,44.2253,-76.596901,305,,Canada,CA,Ontario,CA-ON,ON,Kingston,0,CYGK,CYGK,YGK,,http://www.ygkairport.com,https://en.wikipedia.org/wiki/Kingston/Norman_Rogers_Airport,,750,2023-11-01T13:37:44+00:00
1787,CYKF,large_airport,Region of Waterloo International Airport,43.4608,-80.378601,1054,,Canada,CA,Ontario,CA-ON,ON,Breslau,1,CYKF,CYKF,YKF,,http://www.waterlooairport.ca/,https://en.wikipedia.org/wiki/Region_of_Waterloo_International_Airport,"Breslau, Kitchener, Waterloo, Cambridge, YKF",1000,2026-01-07T21:27:23+00:00
1820,CYMX,large_airport,Montreal Mirabel International Airport,45.679501,-74.038696,270,,Canada,CA,Quebec,CA-QC,QC,Montréal,1,CYMX,CYMX,YMX,,,https://en.wikipedia.org/wiki/Montr%C3%A9al-Mirabel_International_Airport,YMQ,1000,2026-01-08T15:27:00+00:00
1877,CYQT,large_airport,Thunder Bay International Airport,48.371899,-89.323898,653,,Canada,CA,Ontario,CA-ON,ON,Thunder Bay,1,CYQT,CYQT,YQT,,,https://en.wikipedia.org/wiki/Thunder_Bay_International_Airport,,1000,2026-01-08T15:29:05+00:00
1881,CYQX,large_airport,Gander International Airport,48.936258,-54.567719,496,,Canada,CA,Newfoundland and Labrador,CA-NL,NL,Gander,1,CYQX,CYQX,YQX,,,https://en.wikipedia.org/wiki/Gander_International_Airport,CFB Gander,1000,2026-01-07T22:22:34+00:00
1837,CYOO,medium_airport,Oshawa Executive Airport,43.922798,-78.894997,460,,Canada,CA,Ontario,CA-ON,ON,Oshawa,0,CYOO,CYOO,YOO,CYOO,http://www.oshawa-airport.com/,https://en.wikipedia.org/wiki/Oshawa_Airport,,250,2022-02-11T17:33:31+00:00
1854,CYPQ,medium_airport,Peterborough Municipal Airport,44.23,-78.363297,628,,Canada,CA,Ontario,CA-ON,ON,Peterborough,0,CYPQ,CYPQ,YPQ,,,https://en.wikipedia.org/wiki/Peterborough_Airport,,275,2022-02-11T17:19:46+00:00
1768,CYHU,medium_airport,Montréal / Saint-Hubert Metropolitan Airport,45.517502,-73.416901,90,,Canada,CA,Quebec,CA-QC,QC,Montréal,1,CYHU,CYHU,YHU,,http://www.dashl.ca/,https://en.wikipedia.org/wiki/Montr%C3%A9al/St-Hubert_Airport,,500,2025-02-14T00:54:09+00:00
1908,CYSN,medium_airport,Niagara District Airport,43.191598,-79.171686,321,,Canada,CA,Ontario,CA-ON,ON,Niagara-on-the-Lake,1,CYSN,CYSN,YCM,,,https://en.wikipedia.org/wiki/St._Catharines/Niagara_District_Airport,"YSN, Saint Catharines",500,2024-04-04T13:16:58+00:00
1872,CYQM,large_airport,Greater Moncton Roméo LeBlanc International Airport,46.113189,-64.67719,232,,Canada,CA,New Brunswick,CA-NB,NB,Moncton,1,CYQM,CYQM,YQM,,https://cyqm.ca/,https://en.wikipedia.org/wiki/Greater_Moncton_International_Airport,"CYQM, YQM, Moncton",1000,2026-01-07T22:24:37+00:00
1891,CYRO,medium_airport,Ottawa / Rockcliffe Airport,45.460496,-75.644001,188,,Canada,CA,Ontario,CA-ON,ON,Ottawa,1,CYRO,CYRO,YRO,CYRO,http://www.rfc.ca/,https://en.wikipedia.org/wiki/Ottawa/Rockcliffe_Airport,YRO,500,2026-01-09T19:20:34+00:00
1304,CNF4,small_airport,Kawartha Lakes Municipal Airport,44.3647,-78.783897,882,,Canada,CA,Ontario,CA-ON,ON,Lindsay,0,CNF4,,,CNF4,,https://en.wikipedia.org/wiki/Lindsay_Airport,NF4,50,2024-07-04T01:32:40+00:00
1361,CNY3,small_airport,Collingwood Regional Airport,44.448273,-80.158911,730,,Canada,CA,Ontario,CA-ON,ON,Collingwood,0,CNY3,,,CNY3,http://www.collingwoodairport.ca/,https://en.wikipedia.org/wiki/Collingwood_Airport,NY3,50,2024-07-04T08:09:22+00:00
1897,CYSB,medium_airport,Sudbury Airport,46.625,-80.79889679,1141,,Canada,CA,Ontario,CA-ON,ON,Sudbury,1,CYSB,CYSB,YSB,,,https://en.wikipedia.org/wiki/Sudbury_Airport,,750,2008-06-13T14:30:04+00:00
1867,CYQG,large_airport,Windsor International Airport,42.2756,-82.955597,622,,Canada,CA,Ontario,CA-ON,ON,Windsor,1,CYQG,CYQG,YQG,,,https://en.wikipedia.org/wiki/Windsor_Airport,,1000,2026-01-07T21:29:10+00:00
1687,CYCD,medium_airport,Nanaimo Airport,49.05497,-123.869863,92,,Canada,CA,British Columbia,CA-BC,BC,Nanaimo,1,CYCD,CYCD,YCD,,https://www.nanaimoairport.com/,https://en.wikipedia.org/wiki/Nanaimo_Airport,,750,2022-01-09T11:00:34+00:00
1740,CYGD,medium_airport,Goderich Airport,43.76689911,-81.71060181,712,,Canada,CA,Ontario,CA-ON,ON,Goderich,0,CYGD,,,YGD,http://www.goderich.ca/en/townhall/airport.asp,https://en.wikipedia.org/wiki/Goderich_Airport,,250,2013-04-21T16:35:41+00:00
1970,CYXY,large_airport,Whitehorse / Erik Nielsen International Airport,60.708533,-135.065705,2317,,Canada,CA,Yukon,CA-YT,YT,Whitehorse,1,CYXY,CYXY,YXY,,https://yukonairports.ca/about-yxy,https://en.wikipedia.org/wiki/Whitehorse_International_Airport,,1000,2026-01-07T14:08:07+00:00
1956,CA-1110,closed,Edmonton City Centre (Blatchford Field) Airport,53.57249832,-113.5210037,2202,,Canada,CA,Alberta,CA-AB,AB,Edmonton,0,,,,,http://corporate.flyeia.com/general_aviation/edmonton_city_centre,https://en.wikipedia.org/wiki/Edmonton_City_Centre_(Blatchford_Field)_Airport,"YEA, YXD, CYXD, YXD, CYXD",875,2025-02-25T14:37:55+00:00
2008,CZBB,medium_airport,Boundary Bay Airport,49.0742,-123.012001,6,,Canada,CA,British Columbia,CA-BC,BC,Delta,0,CZBB,CZBB,YDT,,http://http://czbb.com/,https://en.wikipedia.org/wiki/Boundary_Bay_Airport,ZBB,250,2022-07-23T14:20:40+00:00
1943,CYVV,medium_airport,Wiarton Airport,44.7458,-81.107201,729,,Canada,CA,Ontario,CA-ON,ON,Wiarton,1,CYVV,CYVV,YVV,,http://wiartonairport.ca/,https://en.wikipedia.org/wiki/Wiarton_Airport,,500,2024-04-04T13:18:57+00:00
1657,CYAM,medium_airport,Sault Ste Marie Airport,46.483216,-84.508467,630,,Canada,CA,Ontario,CA-ON,ON,Sault Ste Marie,1,CYAM,CYAM,YAM,,http://www.saultairport.com/,https://en.wikipedia.org/wiki/Sault_Ste._Marie_Airport,,750,2023-12-02T11:13:06+00:00
1682,CYBW,medium_airport,Calgary / Springbank Airport,51.103982,-114.369378,3940,,Canada,CA,Alberta,CA-AB,AB,Calgary,0,CYBW,,,,http://www.ybw.ca/,https://en.wikipedia.org/wiki/Calgary/Springbank_Airport,YBW,250,2026-01-14T16:25:13+00:00
2007,CZBA,small_airport,Burlington Executive Airpark,43.441453,-79.850103,602,,Canada,CA,Ontario,CA-ON,ON,Burlington,0,CZBA,CZBA,,,http://www.burlingtonairpark.com/,https://en.wikipedia.org/wiki/Burlington_Executive_Aerodrome,ZBA,150,2025-06-03T18:17:45+00:00
1824,CYND,medium_airport,Ottawa / Gatineau Airport,45.521702,-75.563599,211,,Canada,CA,Quebec,CA-QC,QC,Gatineau,1,CYND,CYND,YND,CYND,http://www.ego-airport.ca/english/propos_ego/,https://en.wikipedia.org/wiki/Ottawa-Gatineau_Airport,YND,500,2019-10-02T21:09:26+00:00
1892,CYRP,medium_airport,Ottawa / Carp Airport,45.31919861,-76.02220154,382,,Canada,CA,Ontario,CA-ON,ON,Ottawa,0,CYRP,,,YRP,http://www.cyrp.ca/,https://en.wikipedia.org/wiki/Ottawa/Carp_Airport,YRP,250,2013-04-25T01:42:27+00:00
1966,CYXS,large_airport,Prince George (Intl) Airport,53.884311,-122.666554,2267,,Canada,CA,British Columbia,CA-BC,BC,Prince George,1,CYXS,CYXS,YXS,,https://www.pgairport.ca/,https://en.wikipedia.org/wiki/Prince_George_Airport,Prince George International,1000,2026-01-09T19:27:15+00:00
1993,CYZF,large_airport,Yellowknife International Airport,62.462799,-114.440002,675,,Canada,CA,Northwest Territories,CA-NT,NT,Yellowknife,1,CYZF,CYZF,YZF,,https://www.inf.gov.nt.ca/en/services/airports/yellowknife-airport,https://en.wikipedia.org/wiki/Yellowknife_Airport,,1000,2026-01-07T14:05:41+00:00
1293,CYLS,medium_airport,Barrie-Lake Simcoe Regional Airport,44.485056,-79.554663,972,,Canada,CA,Ontario,CA-ON,ON,Barrie,1,CYLS,CYLS,YLK,CYLS,http://www.lakesimcoeairport.com/,https://en.wikipedia.org/wiki/Barrie-Orillia_(Lake_Simcoe_Regional)_Airport,"NB9, CNB9, Oro Station",500,2024-04-04T13:17:54+00:00
1882,CYQY,medium_airport,Sydney / J.A. Douglas McCurdy Airport,46.1614,-60.047798,203,,Canada,CA,Nova Scotia,CA-NS,NS,Sydney,1,CYQY,CYQY,YQY,,http://www.sydneyairport.ca/,https://en.wikipedia.org/wiki/Sydney/J.A._Douglas_McCurdy_Airport,,750,2018-09-16T02:31:25+00:00
1848,CYPK,medium_airport,Pitt Meadows Regional Airport,49.21488,-122.709294,11,,Canada,CA,British Columbia,CA-BC,BC,Pitt Meadows,1,CYPK,CYPK,,,,https://en.wikipedia.org/wiki/Pitt_Meadows_Airport,YPK,500,2026-01-14T16:22:00+00:00
1997,CYZR,medium_airport,Chris Hadfield Airport,42.999401,-82.308899,594,,Canada,CA,Ontario,CA-ON,ON,Sarnia,0,CYZR,CYZR,YZR,,,https://en.wikipedia.org/wiki/Sarnia_(Chris_Hadfield)_Airport,,750,2024-04-04T12:52:21+00:00
1686,CYCC,medium_airport,Cornwall Regional Airport,45.092637,-74.567724,175,,Canada,CA,Ontario,CA-ON,ON,Cornwall,0,CYCC,CYCC,YCC,,,https://en.wikipedia.org/wiki/Cornwall_Regional_Airport,,250,2022-02-19T13:21:02+00:00
1317,CNL3,small_airport,Brockville - Thousand Islands Regional Tackaberry Airport,44.63940048,-75.75029755,402,,Canada,CA,Ontario,CA-ON,ON,Brockville,0,CNL3,,XBR,CNL3,,https://en.wikipedia.org/wiki/Brockville-Thousand_Islands_Regional_Tackaberry_Airport,NL3,50,2013-06-27T16:47:39+00:00
1295,CNC4,small_airport,Guelph Airport,43.56389999,-80.19609833,1100,,Canada,CA,Ontario,CA-ON,ON,Guelph,0,CNC4,,,CNC4,http://www.aviationinternational.com/,https://en.wikipedia.org/wiki/Guelph_Airport,NC4,50,2008-09-04T14:40:48+00:00
1871,CYQL,medium_airport,Lethbridge County Airport,49.63029861,-112.8000031,3048,,Canada,CA,Alberta,CA-AB,AB,Lethbridge,1,CYQL,CYQL,YQL,,,https://en.wikipedia.org/wiki/Lethbridge_County_Airport,Kenyon Field,750,2011-08-25T17:42:43+00:00
1716,CYEE,medium_airport,Huronia Airport,44.68330002,-79.92829895,770,,Canada,CA,Ontario,CA-ON,ON,Midland,0,CYEE,,,YEE,,https://en.wikipedia.org/wiki/Midland/Huronia_Airport,,250,2012-01-14T03:04:01+00:00
1876,CYQS,medium_airport,St Thomas Municipal Airport,42.77000046,-81.1108017,778,,Canada,CA,Ontario,CA-ON,ON,St Thomas,0,CYQS,CYQS,YQS,,,https://en.wikipedia.org/wiki/St._Thomas_Airport,,250,2008-06-13T14:30:04+00:00
1699,CYCW,small_airport,Chilliwack Airport,49.153157,-121.939309,32,,Canada,CA,British Columbia,CA-BC,BC,Chilliwack,0,CYCW,CYCW,YCW,,,https://en.wikipedia.org/wiki/Chilliwack_Airport,YCW,50,2021-10-04T13:24:20+00:00
1904,CYSJ,medium_airport,Saint John Airport,45.31610107,-65.89029694,357,,Canada,CA,New Brunswick,CA-NB,NB,Saint John,1,CYSJ,CYSJ,YSJ,,,https://en.wikipedia.org/wiki/Saint_John_Airport,,750,2008-06-13T14:30:04+00:00
1898,CYSC,medium_airport,Sherbrooke Airport,45.438599,-71.691399,792,,Canada,CA,Quebec,CA-QC,QC,Sherbrooke,0,CYSC,CYSC,YSC,,,https://en.wikipedia.org/wiki/Sherbrooke_Airport,,275,2022-03-08T12:28:06+00:00
1874,CYQQ,large_airport,Comox Valley International Airport / CFB Comox,49.7108,-124.887001,84,,Canada,CA,British Columbia,CA-BC,BC,Comox,1,CYQQ,CYQQ,YQQ,,https://comoxairport.com,https://en.wikipedia.org/wiki/CFB_Comox,CFB Comox,1000,2026-01-14T15:41:45+00:00
1666,CYAZ,medium_airport,Tofino / Long Beach Airport,49.079833,-125.775583,80,,Canada,CA,British Columbia,CA-BC,BC,Tofino,1,CYAZ,CYAZ,YAZ,,http://www.acrd.bc.ca/long-beach-airport,https://en.wikipedia.org/wiki/Tofino_Airport,,750,2016-04-29T14:35:39+00:00
1992,CYZE,medium_airport,Gore Bay Manitoulin Airport,45.8853,-82.567802,623,,Canada,CA,Ontario,CA-ON,ON,Gore Bay,0,CYZE,CYZE,YZE,,,https://en.wikipedia.org/wiki/Gore_Bay-Manitoulin_Airport,,275,2021-02-09T11:40:06+00:00
1675,CYBL,medium_airport,Campbell River Airport,49.950802,-125.271004,346,,Canada,CA,British Columbia,CA-BC,BC,Campbell River,1,CYBL,CYBL,YBL,YBL,,https://en.wikipedia.org/wiki/Campbell_River_Airport,,750,2019-10-08T00:31:48+00:00
1893,CYRQ,medium_airport,Trois-Rivières Airport,46.35279846,-72.67939758,199,,Canada,CA,Quebec,CA-QC,QC,Trois-Rivières,0,CYRQ,CYRQ,YRQ,,,https://en.wikipedia.org/wiki/Trois-Rivi%C3%A8res_Airport,,250,2009-01-24T12:45:21+00:00
1955,CYXC,medium_airport,Cranbrook/Canadian Rockies International Airport,49.6108017,-115.7819977,3082,,Canada,CA,British Columbia,CA-BC,BC,Cranbrook,1,CYXC,CYXC,YXC,,,https://en.wikipedia.org/wiki/Cranbrook/Canadian_Rockies_International_Airport,,750,2015-08-07T19:16:42+00:00
1836,CYOJ,medium_airport,High Level Airport,58.62139893,-117.1650009,1110,,Canada,CA,Alberta,CA-AB,AB,High Level,1,CYOJ,CYOJ,YOJ,,,https://en.wikipedia.org/wiki/High_Level_Airport,,750,2008-06-13T14:30:04+00:00
1870,CYQK,medium_airport,Kenora Airport,49.78829956,-94.36309814,1332,,Canada,CA,Ontario,CA-ON,ON,Kenora,1,CYQK,CYQK,YQK,,,https://en.wikipedia.org/wiki/Kenora_Airport,,750,2008-06-13T14:30:04+00:00
1839,CYOS,medium_airport,Owen Sound / Billy Bishop Regional Airport,44.59030151,-80.83750153,1007,,Canada,CA,Ontario,CA-ON,ON,Owen Sound,0,CYOS,CYOS,YOS,,,https://en.wikipedia.org/wiki/Owen_Sound/Billy_Bishop_Regional_Airport,YOS,250,2010-09-24T22:33:21+00:00
1298,CND4,small_airport,Stanhope Municipal Airport,45.111255,-78.640047,1066,,Canada,CA,Ontario,CA-ON,ON,Haliburton,0,CND4,,,CND4,,https://en.wikipedia.org/wiki/Haliburton/Stanhope_Municipal_Airport,ND4,50,2024-07-12T02:10:25+00:00
2011,CZBM,medium_airport,Bromont (Roland Désourdy) Airport,45.290798,-72.741402,375,,Canada,CA,Quebec,CA-QC,QC,Bromont,0,CZBM,CZBM,ZBM,,,https://en.wikipedia.org/wiki/Roland-D%C3%A9sourdy_Airport,,250,2022-01-09T16:50:03+00:00
1312,CNJ4,small_airport,Orillia-RAMA Regional Airport,44.677656,-79.310217,725,,Canada,CA,Ontario,CA-ON,ON,Orillia,0,CNJ4,,,CNJ4,,https://en.wikipedia.org/wiki/Orillia_Airport,NJ4,50,2020-02-28T15:45:51+00:00
1947,CYWH,seaplane_base,Victoria Harbour Seaplane Base,48.423782,-123.37198,,,Canada,CA,British Columbia,CA-BC,BC,Victoria,1,CYWH,CYWH,YWH,,,https://en.wikipedia.org/wiki/Victoria_Inner_Harbour_Airport,,625,2025-09-19T16:19:14+00:00
1662,CYAV,medium_airport,Winnipeg / St. Andrews Airport,50.0564,-97.032501,760,,Canada,CA,Manitoba,CA-MB,MB,Winnipeg/Saint Andrews,1,CYAV,CYAV,,,,https://en.wikipedia.org/wiki/Winnipeg/St._Andrews_Airport,YAV,500,2025-06-01T18:48:46+00:00
1688,CYCE,medium_airport,Centralia / James T. Field Memorial Aerodrome,43.285599,-81.508301,824,,Canada,CA,Ontario,CA-ON,ON,Huron Park,0,CYCE,CYCE,YCE,CYCE,,https://en.wikipedia.org/wiki/Centralia/Huron_Airpark,"RCAF Station Centralia, Huron Airpark",250,2022-03-18T12:38:33+00:00
1971,CYXZ,medium_airport,Wawa Airport,47.96670151,-84.78669739,942,,Canada,CA,Ontario,CA-ON,ON,Wawa,0,CYXZ,CYXZ,YXZ,,,https://en.wikipedia.org/wiki/Wawa_Airport,,250,2008-06-13T14:30:04+00:00
1959,CYXJ,medium_airport,Fort St John / North Peace Regional Airport,56.238098,-120.739998,2280,,Canada,CA,British Columbia,CA-BC,BC,Fort Saint John,1,CYXJ,CYXJ,YXJ,,,https://en.wikipedia.org/wiki/Fort_St._John_Airport,BZ3,750,2023-08-29T13:09:17+00:00
1931,CYUY,medium_airport,Rouyn Noranda Airport,48.20610046,-78.83560181,988,,Canada,CA,Quebec,CA-QC,QC,Rouyn-Noranda,1,CYUY,CYUY,YUY,,,https://en.wikipedia.org/wiki/Rouyn-Noranda_Airport,,750,2008-06-13T14:30:04+00:00
1827,CYNJ,medium_airport,Langley Airport,49.1008,-122.630997,34,,Canada,CA,British Columbia,CA-BC,BC,Langley,0,CYNJ,CYNJ,YLY,,,https://en.wikipedia.org/wiki/Langley_Regional_Airport,YNJ,500,2024-04-10T19:21:04+00:00
1673,CYBG,large_airport,Saguenay-Bagotville Airport,48.330123,-70.992012,522,,Canada,CA,Quebec,CA-QC,QC,Saguenay,1,CYBG,CYBG,YBG,,,https://en.wikipedia.org/wiki/CFB_Bagotville,Bagotville Airport,1000,2026-01-08T15:34:12+00:00
1859,CYPW,medium_airport,Powell River Airport,49.83420181,-124.5,425,,Canada,CA,British Columbia,CA-BC,BC,Powell River,1,CYPW,CYPW,YPW,,,https://en.wikipedia.org/wiki/Powell_River_Airport,,750,2008-06-13T14:30:04+00:00
1868,CYQH,medium_airport,Watson Lake Airport,60.116839,-128.821993,2255,,Canada,CA,Yukon,CA-YT,YT,Watson Lake,1,CYQH,CYQH,YQH,,,https://en.wikipedia.org/wiki/Watson_Lake_Airport,,500,2024-04-04T14:11:27+00:00
28453,CYHC,seaplane_base,Vancouver Harbour Water Aerodrome,49.291265,-123.11717,,,Canada,CA,British Columbia,CA-BC,BC,Vancouver,1,CYHC,CYHC,CXH,,,https://en.wikipedia.org/wiki/Vancouver_Harbour_Water_Aerodrome,Vancouver Coal Harbour Seaplane Base,325,2025-09-19T16:18:49+00:00
1758,CYHE,small_airport,Hope Airport / FVRD Regional Airpark,49.368865,-121.49495,128,,Canada,CA,British Columbia,CA-BC,BC,Hope,0,CYHE,CYHE,YHE,,,https://en.wikipedia.org/wiki/Hope_Aerodrome,YHE,150,2024-04-03T22:57:23+00:00
1328,CNP3,small_airport,Arnprior Airport,45.41360092,-76.36579895,358,,Canada,CA,Ontario,CA-ON,ON,Arnprior,0,CNP3,,,CNP3,http://www.townarnprior.on.ca/airport.htm,https://en.wikipedia.org/wiki/Arnprior/South_Renfrew_Municipal_Airport,"NP3,South Renfrew Municipal",50,2008-07-13T21:58:16+00:00
1984,CYYQ,medium_airport,Churchill Airport,58.73920059,-94.06500244,94,,Canada,CA,Manitoba,CA-MB,MB,Churchill,1,CYYQ,CYYQ,YYQ,,,https://en.wikipedia.org/wiki/Churchill_Airport,,750,2008-06-13T14:30:04+00:00
1353,CNV8,small_airport,Edenvale Aerodrome,44.441101,-79.962799,718,,Canada,CA,Ontario,CA-ON,ON,Edenvale,0,CNV8,,,CNV8,http://www.edenflight.com/,https://en.wikipedia.org/wiki/Edenvale_Airport,NV8,50,2016-09-07T00:12:33+00:00
1999,CYZT,medium_airport,Port Hardy Airport,50.68059921,-127.3669968,71,,Canada,CA,British Columbia,CA-BC,BC,Port Hardy,1,CYZT,CYZT,YZT,,,https://en.wikipedia.org/wiki/Port_Hardy_Airport,,750,2008-06-13T14:30:04+00:00
1340,CYKM,medium_airport,Kincardine Municipal Airport,44.201401,-81.606697,772,,Canada,CA,Ontario,CA-ON,ON,Kincardine,0,CYKM,CYKM,YKD,CYKM,http://www.kincardineairport.com/,https://en.wikipedia.org/wiki/Kincardine_Airport,"NS7, CNS7",250,2024-05-06T11:58:36+00:00
1780,CYJN,medium_airport,St Jean Airport,45.29439926,-73.28109741,136,,Canada,CA,Quebec,CA-QC,QC,St Jean,0,CYJN,CYJN,YJN,,,https://en.wikipedia.org/wiki/St-Jean_Airport,,250,2008-06-13T14:30:04+00:00
1349,CNU8,small_airport,Toronto Markham Airport,43.93526,-79.263491,807,,Canada,CA,Ontario,CA-ON,ON,Markham,0,CNU8,,,CNU8,,https://en.wikipedia.org/wiki/Toronto/Markham_Airport,NU8,50,2024-07-12T01:44:39+00:00
634,CAP3,small_airport,Sechelt-Gibsons Airport,49.46060181,-123.7190018,340,,Canada,CA,British Columbia,CA-BC,BC,Sechelt,0,CAP3,,YHS,CAP3,,https://en.wikipedia.org/wiki/Sechelt-Gibsons_Airport,"AP3, Sechelt Aerodrome, Sunshine Coast Airfield",50,2015-03-07T11:21:42+00:00
1330,CNP8,small_airport,Greenbank-Uxbridge-Port Perry Airfield,44.133697,-79.013028,975,,Canada,CA,Ontario,CA-ON,ON,Uxbridge,0,CNP8,,,CNP8,,https://en.wikipedia.org/wiki/Greenbank_Airport,NP8,50,2025-11-25T08:26:01+00:00
1783,CYJT,large_airport,Stephenville Dymond International Airport,48.54339,-58.552892,84,,Canada,CA,Newfoundland and Labrador,CA-NL,NL,Stephenville,1,CYJT,CYJT,YJT,,https://cyjt.com/,https://en.wikipedia.org/wiki/Stephenville_Airport,Ernest Harmon AFB,1000,2026-01-08T15:37:50+00:00
1803,CYLL,medium_airport,Lloydminster Airport,53.3092,-110.072998,2193,,Canada,CA,Alberta,CA-AB,AB,Lloydminster,1,CYLL,CYLL,YLL,,,https://en.wikipedia.org/wiki/Lloydminster_Airport,,750,2024-07-12T08:29:06+00:00
1920,CYTH,medium_airport,Thompson Airport,55.80110168,-97.86419678,729,,Canada,CA,Manitoba,CA-MB,MB,Thompson,1,CYTH,CYTH,YTH,,,https://en.wikipedia.org/wiki/Thompson_Airport,,750,2008-06-13T14:30:04+00:00
1938,CYVO,medium_airport,Val-d'Or Airport,48.05329895,-77.78279877,1107,,Canada,CA,Quebec,CA-QC,QC,Val-d'Or,1,CYVO,CYVO,YVO,,http://www.arvo.qc.ca/,https://en.wikipedia.org/wiki/Val-d'Or_Airport,,750,2010-03-22T11:52:52+00:00
643,CAT4,medium_airport,Qualicum Beach Airport,49.337456,-124.393086,191,,Canada,CA,British Columbia,CA-BC,BC,Qualicum Beach,1,CAT4,,XQU,CAT4,http://www.qualicumbeach.com/cms.asp?wpID=437,https://en.wikipedia.org/wiki/Qualicum_Beach_Airport,AT4,500,2024-04-03T20:29:08+00:00
1741,CYGE,medium_airport,Golden Airport,51.299196,-116.982002,2575,,Canada,CA,British Columbia,CA-BC,BC,Golden,0,CYGE,,,,,https://en.wikipedia.org/wiki/Golden_Airport,AL4,250,2016-09-09T08:15:10+00:00
1355,CNW3,small_airport,Bancroft Community Airport,45.072652,-77.880678,1085,,Canada,CA,Ontario,CA-ON,ON,Bancroft,0,CNW3,,,CNW3,,https://en.wikipedia.org/wiki/Bancroft_Airport,"NW3, Jack Brown",50,2024-07-06T09:43:02+00:00
1455,CPT2,small_airport,Killarney Airport,45.97750092,-81.49469757,608,,Canada,CA,Ontario,CA-ON,ON,Killarney,0,CPT2,,,CPT2,http://www.killarney.com/Getting_here/Killarney_airport/index.html,https://en.wikipedia.org/wiki/Killarney_Airport,PT2,50,2008-06-13T14:30:04+00:00
1511,CSE4,small_airport,Lachute Airport,45.63940048,-74.37059784,221,,Canada,CA,Quebec,CA-QC,QC,Lachute,0,CSE4,,,CSE4,,https://en.wikipedia.org/wiki/Lachute_Airport,SE4,50,2008-06-13T14:30:04+00:00
1689,CYCG,medium_airport,Castlegar/West Kootenay Regional Airport,49.296398,-117.632004,1624,,Canada,CA,British Columbia,CA-BC,BC,Castlegar,1,CYCG,CYCG,YCG,,https://www.wkrairport.ca/,https://en.wikipedia.org/wiki/Castlegar_Airport,,750,2024-05-09T15:21:38+00:00
1975,CYYE,medium_airport,Fort Nelson Airport,58.83639908,-122.5970001,1253,,Canada,CA,British Columbia,CA-BC,BC,Fort Nelson,1,CYYE,CYYE,YYE,,,https://en.wikipedia.org/wiki/Fort_Nelson_Airport,,750,2014-03-18T23:23:44+00:00
1726,CYEV,medium_airport,Inuvik Mike Zubko Airport,68.30419922,-133.4830017,224,,Canada,CA,Northwest Territories,CA-NT,NT,Inuvik,1,CYEV,CYEV,YEV,,,https://en.wikipedia.org/wiki/Inuvik_(Mike_Zubko)_Airport,,750,2014-03-15T23:10:26+00:00
1924,CYTR,medium_airport,CFB Trenton,44.1189003,-77.52809906,283,,Canada,CA,Ontario,CA-ON,ON,Trenton,0,CYTR,CYTR,YTR,,,https://en.wikipedia.org/wiki/CFB_Trenton,,475,2008-06-13T14:30:04+00:00
1719,CYEL,medium_airport,Elliot Lake Municipal Airport,46.35139847,-82.56140137,1087,,Canada,CA,Ontario,CA-ON,ON,Elliot Lake,0,CYEL,CYEL,YEL,,http://cyelont.tripod.com/cyel/,https://en.wikipedia.org/wiki/Elliot_Lake_Municipal_Airport,,250,2010-04-20T22:57:06+00:00
1896,CYRV,medium_airport,Revelstoke Airport,50.962245,-118.184258,1459,,Canada,CA,British Columbia,CA-BC,BC,Revelstoke,0,CYRV,CYRV,YRV,,,https://en.wikipedia.org/wiki/Revelstoke_Airport,YRV,250,2021-02-11T20:53:29+00:00
1857,CYPT,small_airport,Pelee Island Airport,41.778033,-82.674222,572,,Canada,CA,Ontario,CA-ON,ON,Pelee Island,1,CYPT,,,,,https://en.wikipedia.org/wiki/Pelee_Island_Airport,YPT,100,2024-04-04T13:16:15+00:00
852,CEG4,small_airport,Drumheller Municipal Airport,51.49639893,-112.7490005,2597,,Canada,CA,Alberta,CA-AB,AB,Drumheller,0,CEG4,,,CEG4,,https://en.wikipedia.org/wiki/Drumheller_Municipal_Airport,EG4,50,2008-06-13T14:30:04+00:00
2044,CZVL,small_airport,Edmonton / Villeneuve Airport,53.6675,-113.853996,2256,,Canada,CA,Alberta,CA-AB,AB,Edmonton,0,CZVL,CZVL,,,,https://en.wikipedia.org/wiki/Edmonton/Villeneuve_Airport,ZVL,50,2025-06-03T18:23:56+00:00
1989,CYYY,medium_airport,Mont Joli Airport,48.60860062,-68.20809937,172,,Canada,CA,Quebec,CA-QC,QC,Mont-Joli,1,CYYY,CYYY,YYY,,,https://en.wikipedia.org/wiki/Mont-Joli_Airport,,750,2008-06-13T14:30:04+00:00
1842,CYPA,medium_airport,Prince Albert Glass Field,53.21419907,-105.6729965,1405,,Canada,CA,Saskatchewan,CA-SK,SK,Prince Albert,1,CYPA,CYPA,YPA,,,https://en.wikipedia.org/wiki/Prince_Albert_(Glass_Field)_Airport,,750,2014-03-16T21:31:29+00:00
1855,CYPR,medium_airport,Prince Rupert Airport,54.28609848,-130.4450073,116,,Canada,CA,British Columbia,CA-BC,BC,Prince Rupert,1,CYPR,CYPR,YPR,,http://www.ypr.ca/,https://en.wikipedia.org/wiki/Prince_Rupert_Airport,,750,2013-04-25T03:32:57+00:00
1895,CYRT,medium_airport,Rankin Inlet Airport,62.81140137,-92.11579895,94,,Canada,CA,Nunavut,CA-NU,NU,Rankin Inlet,1,CYRT,CYRT,YRT,,,https://en.wikipedia.org/wiki/Rankin_Inlet_Airport,,750,2014-03-16T22:07:58+00:00
2001,CYZV,medium_airport,Sept-Îles Airport,50.22330093,-66.26560211,180,,Canada,CA,Quebec,CA-QC,QC,Sept-Îles,1,CYZV,CYZV,YZV,,,https://en.wikipedia.org/wiki/Sept-%C3%8Eles_Airport,,750,2008-06-20T19:37:36+00:00
1974,CYYD,medium_airport,Smithers Airport,54.8246994,-127.1829987,1712,,Canada,CA,British Columbia,CA-BC,BC,Smithers,1,CYYD,CYYD,YYD,,,https://en.wikipedia.org/wiki/Smithers_Airport,,750,2008-06-13T14:30:04+00:00
1967,CYXT,medium_airport,Northwest Regional Airport Terrace-Kitimat,54.468498,-128.576009,713,,Canada,CA,British Columbia,CA-BC,BC,Terrace,1,CYXT,CYXT,YXT,,,https://en.wikipedia.org/wiki/Terrace_Airport,,750,2016-09-25T14:06:58+00:00
1913,CYSU,medium_airport,Summerside Airport,46.440601,-63.833599,56,,Canada,CA,Prince Edward Island,CA-PE,PE,Slemon Park,0,CYSU,CYSU,YSU,,,https://en.wikipedia.org/wiki/Summerside_Airport,PEI,250,2020-09-28T12:04:44+00:00
1286,CNA3,small_airport,Barrie Executive Airport,44.407066,-79.731655,963,,Canada,CA,Ontario,CA-ON,ON,Barrie,0,CNA3,,,CNA3,,https://en.wikipedia.org/wiki/Springwater_(Barrie_Airpark),"NA3, Springwater Barrie Airpark",50,2022-02-24T20:14:47+00:00
879,CEN4,small_airport,High River Airport,50.534162,-113.843396,3431,,Canada,CA,Alberta,CA-AB,AB,High River,0,CEN4,,,CEN4,,https://en.wikipedia.org/wiki/High_River_Airport,EN4,50,2021-06-07T18:41:43+00:00
1334,CNR4,small_airport,Tobermory Airport,45.22146808,-81.62755966,700,,Canada,CA,Ontario,CA-ON,ON,Tobermory,0,CNR4,,,CNR4,,https://en.wikipedia.org/wiki/Tobermory_Airport,NR4,50,2010-05-29T09:20:28+00:00
914,CEX3,small_airport,Wetaskiwin Regional Airport,52.96500015,-113.4110031,2509,,Canada,CA,Alberta,CA-AB,AB,Wetaskiwin,0,CEX3,,,CEX3,,https://en.wikipedia.org/wiki/Wetaskiwin_Regional_Airport,EX3,50,2011-04-23T19:43:31+00:00
1703,CYDA,medium_airport,Dawson City Airport,64.04309845,-139.128006,1215,,Canada,CA,Yukon,CA-YT,YT,Dawson City,1,CYDA,CYDA,YDA,,,https://en.wikipedia.org/wiki/Dawson_City_Airport,,750,2008-06-13T14:30:04+00:00
1939,CYVP,medium_airport,Kuujjuaq Airport,58.09609985,-68.42690277,129,,Canada,CA,Quebec,CA-QC,QC,Kuujjuaq,1,CYVP,CYVP,YVP,,,https://en.wikipedia.org/wiki/Kuujjuaq_Airport,,750,2008-06-13T14:30:04+00:00
1949,CYWK,medium_airport,Wabush Airport,52.9219017,-66.86440277,1808,,Canada,CA,Newfoundland and Labrador,CA-NL,NL,Wabush,1,CYWK,CYWK,YWK,,,https://en.wikipedia.org/wiki/Wabush_Airport,,750,2008-06-13T14:30:04+00:00
1936,CYVK,medium_airport,Vernon Regional Airport,50.246163,-119.330963,1140,,Canada,CA,British Columbia,CA-BC,BC,Vernon,0,CYVK,CYVK,YVE,,,https://en.wikipedia.org/wiki/Vernon_Regional_Airport,YVK,250,2024-07-10T15:36:59+00:00
1845,CYPE,medium_airport,Peace River Airport,56.226898,-117.446999,1873,,Canada,CA,Alberta,CA-AB,AB,Peace River,1,CYPE,CYPE,YPE,,,https://en.wikipedia.org/wiki/Peace_River_Airport,,750,2018-10-02T22:27:07+00:00
1883,CYQZ,medium_airport,Quesnel Airport,53.02610016,-122.5100021,1789,,Canada,CA,British Columbia,CA-BC,BC,Quesnel,1,CYQZ,CYQZ,YQZ,,,https://en.wikipedia.org/wiki/Quesnel_Airport,,750,2008-06-13T14:30:04+00:00
1834,CYOD,medium_airport,CFB Cold Lake,54.40499878,-110.2789993,1775,,Canada,CA,Alberta,CA-AB,AB,Cold Lake,0,CYOD,CYOD,YOD,,,https://en.wikipedia.org/wiki/CFB_Cold_Lake,,250,2008-06-13T14:30:04+00:00
1995,CYZH,medium_airport,Slave Lake Airport,55.292945,-114.777276,1912,,Canada,CA,Alberta,CA-AB,AB,Slave Lake,0,CYZH,CYZH,YZH,,http://slavelakeairport.com,https://en.wikipedia.org/wiki/Slave_Lake_Airport,YZH,250,2024-06-26T14:32:18+00:00
1713,CYDQ,medium_airport,Dawson Creek Airport,55.741245,-120.183263,2148,,Canada,CA,British Columbia,CA-BC,BC,Dawson Creek,0,CYDQ,CYDQ,YDQ,,,https://en.wikipedia.org/wiki/Dawson_Creek_Airport,,750,2024-04-03T19:35:59+00:00
1865,CYQD,medium_airport,The Pas Airport,53.97140121,-101.0910034,887,,Canada,CA,Manitoba,CA-MB,MB,The Pas,1,CYQD,CYQD,YQD,,,https://en.wikipedia.org/wiki/The_Pas_Airport,,750,2008-06-13T14:30:04+00:00
1846,CYPG,medium_airport,Portage-la-Prairie / Southport Airport,49.903099,-98.273817,885,,Canada,CA,Manitoba,CA-MB,MB,Portage la Prairie,0,CYPG,CYPG,YPG,,http://southport.ca/,https://en.wikipedia.org/wiki/Portage_La_Prairie/Southport_Airport,,275,2020-09-02T19:33:56+00:00
1965,CYXR,medium_airport,Earlton (Timiskaming Regional) Airport,47.69740065,-79.84734535,800,,Canada,CA,Ontario,CA-ON,ON,Earlton,0,CYXR,CYXR,YXR,,,https://en.wikipedia.org/wiki/Earlton_(Timiskaming_Regional)_Airport,yxr,250,2010-12-31T10:09:22+00:00
1507,CSD4,small_airport,Mont Laurier Airport,46.56439972,-75.57779694,815,,Canada,CA,Quebec,CA-QC,QC,Mont-Laurier,0,CSD4,,,CSD4,,https://en.wikipedia.org/wiki/Mont-Laurier_Airport,SD4,50,2008-06-13T14:30:04+00:00
1817,CYMT,medium_airport,Chapais Airport,49.77190018,-74.52809906,1270,,Canada,CA,Quebec,CA-QC,QC,Chibougamau,1,CYMT,CYMT,YMT,,,https://en.wikipedia.org/wiki/Chibougamau/Chapais_Airport,,750,2008-06-13T14:30:04+00:00
1933,CYVC,medium_airport,La Ronge Airport,55.15140152,-105.262001,1242,,Canada,CA,Saskatchewan,CA-SK,SK,La Ronge,1,CYVC,CYVC,YVC,,,https://en.wikipedia.org/wiki/La_Ronge_(Barber_Field)_Airport,,750,2014-03-18T21:38:22+00:00
1816,CYMO,medium_airport,Moosonee Airport,51.29109955,-80.60780334,30,,Canada,CA,Ontario,CA-ON,ON,Moosonee,1,CYMO,CYMO,YMO,,,https://en.wikipedia.org/wiki/Moosonee_Airport,,750,2009-07-02T15:51:41+00:00
2003,CYZX,medium_airport,CFB Greenwood,44.9844017,-64.91690063,92,,Canada,CA,Nova Scotia,CA-NS,NS,Greenwood,0,CYZX,CYZX,YZX,,,https://en.wikipedia.org/wiki/CFB_Greenwood,Greenwood Airport,275,2008-06-13T14:30:04+00:00
1879,CYQV,medium_airport,Yorkton Municipal Airport,51.26470184,-102.461998,1635,,Canada,CA,Saskatchewan,CA-SK,SK,Yorkton,0,CYQV,CYQV,YQV,,,https://en.wikipedia.org/wiki/Yorkton_Municipal_Airport,,275,2008-06-13T14:30:04+00:00
1844,CYPD,medium_airport,Port Hawkesbury Airport,45.65670013,-61.36809921,377,,Canada,CA,Nova Scotia,CA-NS,NS,Port Hawkesbury,0,CYPD,CYPD,YPS,,http://www.porthawkesburyairport.com/,https://en.wikipedia.org/wiki/Port_Hawkesbury_Airport,YPD,250,2011-10-30T10:36:51+00:00
2006,CZAM,medium_airport,Shuswap Regional Airport,50.682802,-119.228996,1751,,Canada,CA,British Columbia,CA-BC,BC,Salmon Arm,0,CZAM,CZAM,YSN,,http://www.salmonarm.ca/index.aspx?nid=228,https://en.wikipedia.org/wiki/Salmon_Arm_Airport,"AM4, Shuswap Regional Airport, Salmon Arm Airport",250,2017-10-14T22:03:53+00:00
1720,CYEM,medium_airport,Manitoulin East Municipal Airport,45.842435,-81.857595,869,,Canada,CA,Ontario,CA-ON,ON,Sheguiandah,0,CYEM,CYEM,YEM,,,https://en.wikipedia.org/wiki/Manitowaning/Manitoulin_East_Municipal_Airport,,250,2021-04-27T02:45:29+00:00
1982,CYYN,medium_airport,Swift Current Airport,50.29190063,-107.6910019,2680,,Canada,CA,Saskatchewan,CA-SK,SK,Swift Current,0,CYYN,CYYN,YYN,,http://www.swiftcurrentairport.com/,https://en.wikipedia.org/wiki/Swift_Current_Airport,YYN,250,2010-05-09T16:39:37+00:00
1705,CYDC,small_airport,Princeton Airport,49.468102,-120.511002,2298,,Canada,CA,British Columbia,CA-BC,BC,Town of Princeton,0,CYDC,,,,http://princetonairport.ca,https://en.wikipedia.org/wiki/Princeton_Airport_(British_Columbia),YDC,150,2024-04-03T21:06:55+00:00
888,CEQ3,small_airport,Camrose Airport,53.04029846,-112.8160019,2426,,Canada,CA,Alberta,CA-AB,AB,Camrose,0,CEQ3,,,CEQ3,,https://en.wikipedia.org/wiki/Camrose_Airport,EQ3,50,2008-06-13T14:30:04+00:00
615,CAD5,small_airport,Merritt Airport,50.122504,-120.745368,2080,,Canada,CA,British Columbia,CA-BC,BC,Merritt,0,CAD5,,YMB,CAD5,,https://en.wikipedia.org/wiki/Merritt_Airport,"AD5, Saunders Field",50,2024-04-03T22:49:46+00:00
830,CEA3,small_airport,Olds-Didsbury Airport,51.7118988,-114.1070023,3360,,Canada,CA,Alberta,CA-AB,AB,Olds-Didsbury,0,CEA3,,,CEA3,,https://en.wikipedia.org/wiki/Olds-Didsbury_Airport,EA3,50,2012-11-19T21:46:09+00:00
1710,CYDN,medium_airport,Dauphin Barker Airport,51.1008,-100.052002,999,,Canada,CA,Manitoba,CA-MB,MB,Dauphin,1,CYDN,CYDN,YDN,,,https://en.wikipedia.org/wiki/Dauphin_(Lt._Col_W.G._(Billy)_Barker_VC_Airport),,750,2024-04-03T23:12:03+00:00
1769,CYHY,medium_airport,Hay River / Merlyn Carter Airport,60.83969879,-115.7829971,541,,Canada,CA,Northwest Territories,CA-NT,NT,Hay River,1,CYHY,CYHY,YHY,,,https://en.wikipedia.org/wiki/Hay_River_Airport,,750,2011-12-06T19:35:43+00:00
1940,CYVQ,medium_airport,Norman Wells Airport,65.28160095,-126.7979965,238,,Canada,CA,Northwest Territories,CA-NT,NT,Norman Wells,1,CYVQ,CYVQ,YVQ,,,https://en.wikipedia.org/wiki/Norman_Wells_Airport,,750,2008-06-13T14:30:04+00:00
1724,CYET,medium_airport,Edson Airport,53.57889938,-116.4649963,3043,,Canada,CA,Alberta,CA-AB,AB,Edson,0,CYET,CYET,YET,,,https://en.wikipedia.org/wiki/Edson_Airport,,250,2011-12-06T19:46:09+00:00
2034,CZPC,medium_airport,Pincher Creek Airport,49.520429,-113.997002,3903,,Canada,CA,Alberta,CA-AB,AB,Pincher Creek,0,CZPC,CZPC,WPC,,,https://en.wikipedia.org/wiki/Pincher_Creek_Airport,ZPC,250,2024-06-29T11:57:15+00:00
1902,CYSG,medium_airport,Saint-Georges Airport,46.096401,-70.714699,893,,Canada,CA,Quebec,CA-QC,QC,Saint-Georges,0,CYSG,,,,,https://en.wikipedia.org/wiki/St-Georges_Airport,"YSG, SW3, St Georges",250,2024-12-14T15:24:12+00:00
1869,CYQI,medium_airport,Yarmouth Airport,43.82690048,-66.08809662,141,,Canada,CA,Nova Scotia,CA-NS,NS,Yarmouth,0,CYQI,CYQI,YQI,,,https://en.wikipedia.org/wiki/Yarmouth_Airport,,250,2008-06-13T14:30:04+00:00
1735,CYFO,small_airport,Flin Flon Airport,54.678101,-101.681999,997,,Canada,CA,Manitoba,CA-MB,MB,Flin Flon,1,CYFO,CYFO,YFO,,,https://en.wikipedia.org/wiki/Flin_Flon_Airport,,150,2024-04-03T23:12:55+00:00
1797,CYLB,small_airport,Lac La Biche Airport,54.77030182,-112.0319977,1884,,Canada,CA,Alberta,CA-AB,AB,Lac La Biche,0,CYLB,CYLB,YLB,,,https://en.wikipedia.org/wiki/Lac_La_Biche_Airport,YLB,50,2013-04-22T06:12:28+00:00
1819,CYMW,small_airport,Maniwaki Airport,46.2728,-75.990601,656,,Canada,CA,Quebec,CA-QC,QC,Messines,0,CYMW,CYMW,YMW,YMW,,https://en.wikipedia.org/wiki/Maniwaki_Airport,YMW,50,2023-12-02T11:48:29+00:00
1900,CYSE,small_airport,Squamish Airport,49.78170013,-123.1620026,171,,Canada,CA,British Columbia,CA-BC,BC,Squamish,0,CYSE,CYSE,YSE,YSE,,https://en.wikipedia.org/wiki/Squamish_Airport,YSE,50,2013-04-25T02:17:22+00:00
1331,CNQ3,small_airport,Niagara Central Dorothy Rungeling Airport,42.979198,-79.324699,585,,Canada,CA,Ontario,CA-ON,ON,Welland,0,CNQ3,,,CNQ3,http://www.centralairport.ca/index.html,https://en.wikipedia.org/wiki/Welland/Niagara_Central_Airport,NQ3,50,2018-12-07T17:33:25+00:00
1861,CYPY,medium_airport,Fort Chipewyan Airport,58.76720047,-111.1169968,761,,Canada,CA,Alberta,CA-AB,AB,Fort Chipewyan,1,CYPY,CYPY,YPY,,,https://en.wikipedia.org/wiki/Fort_Chipewyan_Airport,,750,2008-06-13T14:30:04+00:00
1747,CYGP,medium_airport,Michel-Pouliot Gaspé Airport,48.774915,-64.481893,112,,Canada,CA,Quebec,CA-QC,QC,Gaspé,1,CYGP,CYGP,YGP,,,https://en.wikipedia.org/wiki/Gasp%C3%A9_Airport,,750,2023-12-19T09:23:34+00:00
1961,CYXL,medium_airport,Sioux Lookout Airport,50.11389923,-91.90529633,1258,,Canada,CA,Ontario,CA-ON,ON,Sioux Lookout,1,CYXL,CYXL,YXL,,,https://en.wikipedia.org/wiki/Sioux_Lookout_Airport,,750,2008-06-13T14:30:04+00:00
2010,CZBF,medium_airport,Bathurst Airport,47.6297,-65.738899,193,,Canada,CA,New Brunswick,CA-NB,NB,South Tetagouche,1,CZBF,CZBF,ZBF,,,https://en.wikipedia.org/wiki/Bathurst_Airport_(New_Brunswick),ZBF,750,2022-09-28T12:57:10+00:00
1663,CYAW,heliport,CFB Shearwater Heliport,44.636782,-63.502107,144,,Canada,CA,Nova Scotia,CA-NS,NS,Halifax,0,CYAW,CYAW,,YAW,,https://en.wikipedia.org/wiki/CFB_Shearwater,,275,2025-06-01T19:08:35+00:00
1880,CYQW,medium_airport,North Battleford Airport,52.769409,-108.243742,1799,,Canada,CA,Saskatchewan,CA-SK,SK,North Battleford,0,CYQW,CYQW,YQW,,,https://en.wikipedia.org/wiki/North_Battleford_(Cameron_McIntosh)_Airport,,250,2021-10-14T16:37:12+00:00
1887,CYRI,medium_airport,Rivière-du-Loup Airport,47.76440048,-69.58470154,427,,Canada,CA,Quebec,CA-QC,QC,Rivière-du-Loup,0,CYRI,CYRI,YRI,,http://www.ville.riviere-du-loup.qc.ca/anglais/aeroport.php,https://en.wikipedia.org/wiki/Rivi%C3%A8re-du-Loup_Airport,,250,2009-06-30T09:01:43+00:00
708,CBQ2,small_airport,Fort Langley Airport,49.16749954,-122.5550003,30,,Canada,CA,British Columbia,CA-BC,BC,Fort Langley,0,CBQ2,,,CBQ2,,https://en.wikipedia.org/wiki/Fort_Langley_Airport,BQ2,50,2008-06-13T14:30:04+00:00
1264,CLA4,small_airport,Holland Landing Airpark,44.08940125,-79.49500275,855,,Canada,CA,Ontario,CA-ON,ON,Holland Landing,0,CLA4,,,CLA4,,https://en.wikipedia.org/wiki/Holland_Landing_Airpark,LA4,50,2008-06-13T14:30:04+00:00
1341,CA-1076,small_airport,Morrisburg Airport,44.946993,-75.076961,254,,Canada,CA,Ontario,CA-ON,ON,Morrisburg,0,,,,CNS8,,https://en.wikipedia.org/wiki/Morrisburg_Airport,CNS8,50,2025-04-05T14:52:39+00:00
1856,CYPS,small_airport,Pemberton Regional Airport,50.302502,-122.737999,670,,Canada,CA,British Columbia,CA-BC,BC,Pemberton,0,CYPS,,,,,https://en.wikipedia.org/wiki/Pemberton_Regional_Airport,AR5,50,2016-10-01T12:17:56+00:00
1346,CA-1077,closed,Picton Airport,43.989201,-77.139198,465,,Canada,CA,Ontario,CA-ON,ON,Prince Edward County,0,,,,,,https://en.wikipedia.org/wiki/Picton_Airport,"NT7, CNT7",50,2025-02-25T14:37:52+00:00
1460,CPU6,small_airport,Tyendinaga Mohawk Airport,44.1847,-77.107803,260,,Canada,CA,Ontario,CA-ON,ON,Tyendinaga,0,CPU6,,,CPU6,,https://en.wikipedia.org/wiki/Tyendinaga_(Mohawk)_Airport,"PU6, Deseronto Airport, Napanee",50,2022-12-03T06:26:58+00:00
1996,CYZP,medium_airport,Sandspit Airport,53.25429916,-131.8139954,21,,Canada,CA,British Columbia,CA-BC,BC,Sandspit,1,CYZP,CYZP,YZP,,,https://en.wikipedia.org/wiki/Sandspit_Airport,"Queen Charlotte Islands, Haida Gwaii",750,2009-12-12T09:35:10+00:00
1790,CYKL,medium_airport,Schefferville Airport,54.80530167,-66.80529785,1709,,Canada,CA,Quebec,CA-QC,QC,Schefferville,1,CYKL,CYKL,YKL,,,https://en.wikipedia.org/wiki/Schefferville_Airport,,750,2008-06-13T14:30:04+00:00
1665,CYAY,medium_airport,St. Anthony Airport,51.391909,-56.08321,108,,Canada,CA,Newfoundland and Labrador,CA-NL,NL,St. Anthony,1,CYAY,CYAY,YAY,,,https://en.wikipedia.org/wiki/St._Anthony_Airport,,750,2022-08-16T10:42:57+00:00
1901,CYSF,medium_airport,Stony Rapids Airport,59.25030136,-105.8410034,805,,Canada,CA,Saskatchewan,CA-SK,SK,Stony Rapids,1,CYSF,CYSF,YSF,,,https://en.wikipedia.org/wiki/Stony_Rapids_Airport,,750,2008-06-13T14:30:04+00:00
1690,CYCH,medium_airport,Miramichi Airport,47.007801,-65.449203,108,,Canada,CA,New Brunswick,CA-NB,NB,Miramichi,0,CYCH,CYCH,YCH,,,https://en.wikipedia.org/wiki/Miramichi_Airport,"CFB Chatham, RCAF Station Chatham",500,2025-02-05T01:29:22+00:00
1813,CYMJ,medium_airport,Moose Jaw Air Vice Marshal C. M. McEwen Airport,50.33029938,-105.5589981,1892,,Canada,CA,Saskatchewan,CA-SK,SK,Moose Jaw,0,CYMJ,CYMJ,YMJ,,,https://en.wikipedia.org/wiki/Moose_Jaw/Air_Vice_Marshal_C.M._McEwen_Airport,CFB Moose Jaw,400,2008-06-21T10:46:33+00:00
1745,CYGM,medium_airport,Gimli Industrial Park Airport,50.62810135,-97.04329681,753,,Canada,CA,Manitoba,CA-MB,MB,Gimli,0,CYGM,CYGM,YGM,,,https://en.wikipedia.org/wiki/Gimli_Industrial_Park_Airport,,250,2008-06-13T14:30:04+00:00
1991,CYZD,closed,Downsview Airport,43.742522,-79.465399,652,,Canada,CA,Ontario,CA-ON,ON,North York,0,,,,,,https://en.wikipedia.org/wiki/Toronto/Downsview_Airport,"YZD, CYZD",250,2026-01-11T19:40:34+00:00
2015,CZFD,small_airport,Fond-du-Lac Airport,59.3344,-107.181999,814,,Canada,CA,Saskatchewan,CA-SK,SK,Fond-du-Lac,1,CZFD,CZFD,ZFD,,,https://en.wikipedia.org/wiki/Fond-du-Lac_Airport,,150,2024-04-04T19:26:38+00:00
1708,CYDL,small_airport,Dease Lake Airport,58.422199,-130.031998,2600,,Canada,CA,British Columbia,CA-BC,BC,Dease Lake,1,CYDL,CYDL,YDL,,,https://en.wikipedia.org/wiki/Dease_Lake_Airport,YDL,100,2024-04-03T20:30:18+00:00
848,CEF4,small_airport,Airdrie Aerodrome,51.263901,-113.933998,3648,,Canada,CA,Alberta,CA-AB,AB,Airdrie,0,CEF4,,,CEF4,,https://en.wikipedia.org/wiki/Airdrie_Aerodrome,EF4,50,2022-01-09T11:46:56+00:00
1951,CYWM,small_airport,Athabasca Airport,54.74309921,-113.2050018,1971,,Canada,CA,Alberta,CA-AB,AB,Athabasca,0,CYWM,,,,http://www.athabascacounty.com/Safety%20and%20Utilities/AthabascaAirport.asp,https://en.wikipedia.org/wiki/Athabasca_Airport,YWM,50,2009-02-19T11:05:37+00:00
1502,CSC3,small_airport,Drummondville Airport,45.84529877,-72.3946991,365,,Canada,CA,Quebec,CA-QC,QC,Drummondville,0,CSC3,,,CSC3,,https://en.wikipedia.org/wiki/Drummondville_Airport,SC3,50,2008-06-13T14:30:04+00:00
1198,CKK7,small_airport,Steinbach (South) Airport,49.4939003,-96.69889832,888,,Canada,CA,Manitoba,CA-MB,MB,Steinbach,0,CKK7,,,CKK7,,https://en.wikipedia.org/wiki/Steinbach_(South)_Airport,KK7,50,2008-06-13T14:30:04+00:00
1685,CYCB,medium_airport,Cambridge Bay Airport,69.10810089,-105.1380005,90,,Canada,CA,Nunavut,CA-NU,NU,Cambridge Bay,1,CYCB,CYCB,YCB,,,https://en.wikipedia.org/wiki/Cambridge_Bay_Airport,,750,2011-11-13T01:59:57+00:00
1654,CYAG,medium_airport,Fort Frances Municipal Airport,48.655749,-93.44349,1125,,Canada,CA,Ontario,CA-ON,ON,Fort Frances,1,CYAG,CYAG,YAG,,,https://en.wikipedia.org/wiki/Fort_Frances_Municipal_Airport,,750,2022-03-29T17:28:20+00:00
1737,CYFS,medium_airport,Fort Simpson Airport,61.7602005,-121.2369995,555,,Canada,CA,Northwest Territories,CA-NT,NT,Fort Simpson,1,CYFS,CYFS,YFS,,,https://en.wikipedia.org/wiki/Fort_Simpson_Airport,,750,2008-06-13T14:30:04+00:00
1987,CYYU,medium_airport,Kapuskasing Airport,49.411587,-82.469645,743,,Canada,CA,Ontario,CA-ON,ON,Kapuskasing,0,CYYU,CYYU,YYU,,,https://en.wikipedia.org/wiki/Kapuskasing_Airport,,750,2024-04-04T12:57:41+00:00
1664,CYAX,medium_airport,Lac du Bonnet Airport,50.294399,-96.010002,850,,Canada,CA,Manitoba,CA-MB,MB,Lac du Bonnet,1,CYAX,CYAX,,,,https://en.wikipedia.org/wiki/Lac_du_Bonnet_Airport,YAX,750,2025-06-01T19:25:55+00:00
1749,CYGR,medium_airport,Îles-de-la-Madeleine Airport,47.425242,-61.778612,35,,Canada,CA,Quebec,CA-QC,QC,Les Îles-de-la-Madeleine,1,CYGR,CYGR,YGR,,,https://en.wikipedia.org/wiki/%C3%8Eles-de-la-Madeleine_Airport,,750,2022-09-19T16:55:20+00:00
1734,CYFJ,medium_airport,Mont-Tremblant International Airport,46.409401,-74.779999,827,,Canada,CA,Quebec,CA-QC,QC,La Macaza,0,CYFJ,CYFJ,YTM,,http://www.mtia.ca/,https://en.wikipedia.org/wiki/Rivi%C3%A8re_Rouge/Mont-Tremblant_International_Inc_Airport,YFJ,500,2024-04-17T10:52:21+00:00
1806,CYLT,medium_airport,Alert Airport,82.517799,-62.280602,100,,Canada,CA,Nunavut,CA-NU,NU,Alert,0,CYLT,CYLT,YLT,,,https://en.wikipedia.org/wiki/Alert_Airport,YLT,250,2022-02-28T18:46:38+00:00
1660,CYAT,small_airport,Attawapiskat Airport,52.927502,-82.4319,31,,Canada,CA,Ontario,CA-ON,ON,Attawapiskat,1,CYAT,CYAT,YAT,,,https://en.wikipedia.org/wiki/Attawapiskat_Airport,,150,2024-04-04T12:56:07+00:00
717,CBS8,small_airport,Alberni Valley Regional Airport,49.321899,-124.931,250,,Canada,CA,British Columbia,CA-BC,BC,Port Alberni,0,CBS8,,YPB,CBS8,http://www.acrd.bc.ca/avra,https://en.wikipedia.org/wiki/Port_Alberni_(Alberni_Valley_Regional)_Airport,BS8,100,2024-04-10T19:27:07+00:00
620,CAH3,small_airport,Courtenay Airpark,49.679237,-124.98064,26,,Canada,CA,British Columbia,CA-BC,BC,Courtenay,0,CAH3,,YCA,CAH3,,https://en.wikipedia.org/wiki/Courtenay_Airpark,AH3,50,2022-07-07T12:58:27+00:00
627,CAK3,small_airport,Delta Heritage Air Park,49.0774,-122.941002,10,,Canada,CA,British Columbia,CA-BC,BC,Delta,0,CAK3,,,CAK3,http://www.deltaheritageairpark.org,https://en.wikipedia.org/wiki/Delta/Delta_Heritage_Air_Park,AK3,50,2016-10-09T13:10:06+00:00
921,CEZ4,small_airport,Fort Vermilion Airport,58.40420151,-115.9509964,836,,Canada,CA,Alberta,CA-AB,AB,Fort Vermilion,0,CEZ4,,,CEZ4,,https://en.wikipedia.org/wiki/Fort_Vermilion_Airport,EZ4,50,2008-06-13T14:30:04+00:00
1558,CA-1101,closed,Montreal / Les Cèdres Airport,45.3475,-74.076698,160,,Canada,CA,Quebec,CA-QC,QC,Montréal,0,,,,,http://www.laurentideaviation.com/cfs.php,https://en.wikipedia.org/wiki/Montr%C3%A9al/Les_C%C3%A8dres_Airport,"SS3, Cedars Airport, CSS3",50,2025-02-25T14:37:55+00:00
2032,CZNL,small_airport,Nelson Airport,49.494202,-117.301003,1755,,Canada,CA,British Columbia,CA-BC,BC,Nelson,0,CZNL,CZNL,,,,https://en.wikipedia.org/wiki/Nelson_Airport_(British_Columbia),ZNL,50,2025-06-03T18:20:50+00:00
856,CEH3,small_airport,Ponoka Industrial (Labrie Field) Airport,52.651699,-113.606003,2669,,Canada,CA,Alberta,CA-AB,AB,Ponoka Industrial,0,CEH3,,,CEH3,,https://en.wikipedia.org/wiki/Ponoka_Industrial_(Labrie_Field)_Airport,EH3,50,2022-06-14T13:50:00+00:00
920,CEZ3,small_airport,Edmonton / Cooking Lake Airport,53.427502,-113.115997,2437,,Canada,CA,Alberta,CA-AB,AB,Sherwood Park,0,CEZ3,,,CEZ3,,https://en.wikipedia.org/wiki/Edmonton/Cooking_Lake_Airport,EZ3,50,2021-05-09T23:44:11+00:00
972,CFN7,small_airport,Sundre Airport,51.77420044,-114.677002,3656,,Canada,CA,Alberta,CA-AB,AB,Sundre,0,CFN7,,,CFN7,,https://en.wikipedia.org/wiki/Sundre_Airport,FN7,50,2008-06-13T14:30:04+00:00
1538,CSM3,small_airport,Thetford Mines Airport,46.05170059,-71.25720215,1408,,Canada,CA,Quebec,CA-QC,QC,Thetford Mines,0,CSM3,,,CSM3,,https://en.wikipedia.org/wiki/Thetford_Mines_Airport,SM3,50,2008-06-13T14:30:04+00:00
1017,CFX6,small_airport,Vulcan Airport,50.40447,-113.285223,3437,,Canada,CA,Alberta,CA-AB,AB,Vulcan,0,CFX6,,,CFX6,,https://en.wikipedia.org/wiki/Vulcan_Airport,FX6,50,2021-04-20T15:26:47+00:00
1674,CYBK,medium_airport,Baker Lake Airport,64.29889679,-96.07779694,59,,Canada,CA,Nunavut,CA-NU,NU,Baker Lake,1,CYBK,CYBK,YBK,,,https://en.wikipedia.org/wiki/Baker_Lake_Airport,,750,2011-11-13T01:51:39+00:00
1744,CYGL,medium_airport,La Grande Rivière Airport,53.62530136,-77.70420074,639,,Canada,CA,Quebec,CA-QC,QC,La Grande Rivière,1,CYGL,CYGL,YGL,,,https://en.wikipedia.org/wiki/La_Grande_Rivi%C3%A8re_Airport,,750,2008-06-13T14:30:04+00:00
1849,CYPL,medium_airport,Pickle Lake Airport,51.44639969,-90.21420288,1267,,Canada,CA,Ontario,CA-ON,ON,Pickle Lake,1,CYPL,CYPL,YPL,,,https://en.wikipedia.org/wiki/Pickle_Lake_Airport,,750,2008-06-13T14:30:04+00:00
1672,CYBF,medium_airport,Bonnyville Airport,54.304199,-110.744003,1836,,Canada,CA,Alberta,CA-AB,AB,Bonnyville,1,CYBF,CYBF,YBY,,http://town.bonnyville.ab.ca/livingin/airport/index.html,https://en.wikipedia.org/wiki/Bonnyville_Airport,YBF,500,2016-05-31T10:07:59+00:00
1691,CYCL,medium_airport,Charlo Airport,47.990799,-66.330299,132,,Canada,CA,New Brunswick,CA-NB,NB,Charlo,1,CYCL,CYCL,YCL,,,https://en.wikipedia.org/wiki/Charlo_Airport,,500,2022-03-04T22:09:47+00:00
2004,CYZY,medium_airport,Mackenzie Airport,55.297786,-123.133907,2264,,Canada,CA,British Columbia,CA-BC,BC,Mackenzie,1,CYZY,,,,,https://en.wikipedia.org/wiki/Mackenzie_Airport,YZY,500,2024-04-03T20:28:13+00:00
1960,CYXK,medium_airport,Rimouski Airport,48.477644,-68.496323,82,,Canada,CA,Quebec,CA-QC,QC,Rimouski,1,CYXK,CYXK,YXK,,,https://en.wikipedia.org/wiki/Rimouski_Airport,,500,2024-01-12T04:00:10+00:00
1759,CYHF,medium_airport,Hearst René Fontaine Municipal Airport,49.71419907,-83.68609619,827,,Canada,CA,Ontario,CA-ON,ON,Hearst,0,CYHF,CYHF,YHF,,,https://en.wikipedia.org/wiki/Hearst_(Ren%C3%A9_Fontaine)_Municipal_Airport,,250,2008-07-13T21:58:16+00:00
1742,CYGH,small_airport,Fort Good Hope Airport,66.240658,-128.647757,268,,Canada,CA,Northwest Territories,CA-NT,NT,Fort Good Hope,1,CYGH,CYGH,YGH,,,https://en.wikipedia.org/wiki/Fort_Good_Hope_Airport,,150,2024-04-04T12:19:35+00:00
2046,CZWL,small_airport,Wollaston Lake Airport,58.106899,-103.171997,1360,,Canada,CA,Saskatchewan,CA-SK,SK,Wollaston Lake,1,CZWL,CZWL,ZWL,,,https://en.wikipedia.org/wiki/Wollaston_Lake_Airport,,150,2024-04-04T13:58:11+00:00
1667,CYBA,small_airport,Banff Airport,51.208222,-115.540624,4583,,Canada,CA,Alberta,CA-AB,AB,Banff,0,CYBA,CYBA,YBA,,,https://en.wikipedia.org/wiki/Banff_Airport,YBA,50,2021-02-11T21:01:57+00:00
1014,CFX2,small_airport,Calgary / Okotoks Air Park,50.73529816,-113.9349976,3601,,Canada,CA,Alberta,CA-AB,AB,Calgary,0,CFX2,,,CFX2,,https://en.wikipedia.org/wiki/Calgary/Okotoks_Air_Park,FX2,50,2011-04-23T15:06:50+00:00
863,CEJ4,small_airport,Claresholm Industrial Airport,50.00469971,-113.6299973,3325,,Canada,CA,Alberta,CA-AB,AB,Claresholm,0,CEJ4,,,CEJ4,,https://en.wikipedia.org/wiki/Claresholm_Industrial_Airport,"EJ4, RCAF Station Claresholm",50,2008-06-21T07:35:36+00:00
773,CCQ3,small_airport,Debert Airport,45.41859818,-63.46060181,142,,Canada,CA,Nova Scotia,CA-NS,NS,Debert,0,CCQ3,,,CCQ3,,https://en.wikipedia.org/wiki/Debert_Airport,CQ3,50,2008-06-13T14:30:04+00:00
822,CA-1019,closed,Dunnville Airport,42.8722,-79.595802,600,,Canada,CA,Ontario,CA-ON,ON,Dunnville,0,,,,,,https://en.wikipedia.org/wiki/Dunnville_Airport,"DU9, BCATP, CDU9, RCAF Dunnville",50,2025-02-25T14:37:47+00:00
836,CEC4,small_airport,Jasper-Hinton Airport,53.319199,-117.752998,4006,,Canada,CA,Alberta,CA-AB,AB,Hinton,0,CEC4,,YJP,CEC4,,https://en.wikipedia.org/wiki/Hinton/Jasper-Hinton_Airport,EC4,50,2022-11-23T14:19:37+00:00
621,CAH4,small_airport,Valemount Airport,52.852736,-119.336266,2615,,Canada,CA,British Columbia,CA-BC,BC,Valemount,0,CAH4,,,CAH4,,https://en.wikipedia.org/wiki/Valemount_Airport,AH4,50,2023-08-09T20:45:25+00:00
2030,CZMT,medium_airport,Masset Airport,54.0275,-132.125,25,,Canada,CA,British Columbia,CA-BC,BC,Masset,1,CZMT,CZMT,ZMT,,,https://en.wikipedia.org/wiki/Masset_Airport,,750,2024-04-03T20:23:18+00:00
1885,CYRB,medium_airport,Resolute Bay Airport,74.71690369,-94.9693985,215,,Canada,CA,Nunavut,CA-NU,NU,Resolute Bay,1,CYRB,CYRB,YRB,,,https://en.wikipedia.org/wiki/Resolute_Bay_Airport,,750,2011-11-13T10:22:25+00:00
2024,CZJN,medium_airport,Swan River Airport,52.120602,-101.236,1100,,Canada,CA,Manitoba,CA-MB,MB,Swan River,0,CZJN,CZJN,ZJN,,,https://en.wikipedia.org/wiki/Swan_River_Airport,,750,2021-10-30T11:25:44+00:00
1799,CYLD,medium_airport,Chapleau Airport,47.81999969,-83.34670258,1470,,Canada,CA,Ontario,CA-ON,ON,Chapleau,0,CYLD,CYLD,YLD,,,https://en.wikipedia.org/wiki/Chapleau_Airport,,275,2008-06-13T14:30:04+00:00
1814,CYML,medium_airport,Charlevoix Airport,47.59749985,-70.22389984,977,,Canada,CA,Quebec,CA-QC,QC,Charlevoix,0,CYML,CYML,YML,,,https://en.wikipedia.org/wiki/Charlevoix_Airport,,250,2008-06-13T14:30:04+00:00
1721,CYEN,medium_airport,Estevan Airport,49.21030045,-102.9660034,1905,,Canada,CA,Saskatchewan,CA-SK,SK,Estevan,0,CYEN,CYEN,YEN,,,https://en.wikipedia.org/wiki/Estevan_Regional_Aerodrome,YEN,250,2010-05-09T16:21:40+00:00
1801,CYLJ,medium_airport,Meadow Lake Airport,54.12530136,-108.5230026,1576,,Canada,CA,Saskatchewan,CA-SK,SK,Meadow Lake,0,CYLJ,CYLJ,YLJ,,,https://en.wikipedia.org/wiki/Meadow_Lake_Airport,,250,2008-06-13T14:30:04+00:00
1942,CYVT,small_airport,Buffalo Narrows Airport,55.84189987,-108.4179993,1423,,Canada,CA,Saskatchewan,CA-SK,SK,Buffalo Narrows,0,CYVT,CYVT,YVT,,,https://en.wikipedia.org/wiki/Buffalo_Narrows_Airport,YVT,150,2010-09-27T22:41:47+00:00
1762,CYHK,small_airport,Gjoa Haven Airport,68.635597,-95.849701,152,,Canada,CA,Nunavut,CA-NU,NU,Gjoa Haven,1,CYHK,CYHK,YHK,,,https://en.wikipedia.org/wiki/Gjoa_Haven_Airport,,150,2024-04-04T12:34:38+00:00
1739,CYGB,small_airport,Texada Gillies Bay Airport,49.694341,-124.518099,326,,Canada,CA,British Columbia,CA-BC,BC,Texada,0,CYGB,CYGB,YGB,,,https://en.wikipedia.org/wiki/Texada/Gillies_Bay_Airport,,150,2024-04-03T19:40:48+00:00
1671,CYBE,small_airport,Uranium City Airport,59.561401,-108.481003,1044,,Canada,CA,Saskatchewan,CA-SK,SK,Uranium City,1,CYBE,CYBE,YBE,,,https://en.wikipedia.org/wiki/Uranium_City_Airport,,150,2024-04-04T13:57:39+00:00
614,CAD4,small_airport,Trail Regional Airport,49.055599,-117.609001,1427,,Canada,CA,British Columbia,CA-BC,BC,Trail,1,CAD4,,YZZ,CAD4,,https://en.wikipedia.org/wiki/Trail_Airport,AD4,100,2024-07-02T12:21:37+00:00
2028,CZML,small_airport,South Cariboo Region / 108 Mile Airport,51.73609924,-121.3330002,3126,,Canada,CA,British Columbia,CA-BC,BC,108 Mile,0,CZML,CZML,ZMH,,,https://en.wikipedia.org/wiki/108_Mile_Ranch_Airport,"ZML, South Cariboo Regional Airport",50,2012-09-06T12:43:05+00:00
1480,CPZ3,small_airport,Trenton/Mountain View Airport,44.069401,-77.338097,362,,Canada,CA,Ontario,CA-ON,ON,Ameliasburgh,0,CPZ3,,,CPZ3,,https://en.wikipedia.org/wiki/Trenton/Mountain_View_Airport,"PZ3, Mountain View",50,2024-07-12T05:53:06+00:00
1629,CYBP,small_airport,Brooks Regional Airport,50.633598,-111.926003,2490,,Canada,CA,Alberta,CA-AB,AB,Brooks,0,CYBP,,,CYBP,,https://en.wikipedia.org/wiki/Brooks_Regional_Aerodrome,YBP,50,2024-05-18T14:52:55+00:00
931,CFB6,small_airport,Edmonton / Josephburg Airport,53.72799803,-113.0865669,2069,,Canada,CA,Alberta,CA-AB,AB,Edmonton,0,CFB6,,,CFB6,,https://en.wikipedia.org/wiki/Edmonton/Josephburg_Airport,"FB6, Josephburg, Warren Thomas",50,2012-07-25T22:07:06+00:00
1368,CNZ8,small_airport,Grimsby Regional Airport,43.16,-79.599197,640,,Canada,CA,Ontario,CA-ON,ON,Grimsby,0,CNZ8,,,CNZ8,,https://en.wikipedia.org/wiki/Grimsby_Regional_Airport,"NZ8, Grimsby Airpark",50,2023-05-19T16:35:18+00:00
875,CEM4,small_airport,Big Bend Airport,52.078602,-114.027,3017,,Canada,CA,Alberta,CA-AB,AB,Innisfail,0,CEM4,,,CEM4,https://www.innisfailflyingclub.ca/,https://en.wikipedia.org/wiki/Innisfail_Aerodrome,EM4,50,2023-10-02T19:19:17+00:00
1804,CYLQ,small_airport,La Tuque Airport,47.40969849,-72.78890228,548,,Canada,CA,Quebec,CA-QC,QC,La Tuque,0,CYLQ,CYLQ,YLQ,,,https://en.wikipedia.org/wiki/La_Tuque_Airport,YLQ,50,2013-04-23T00:22:33+00:00
1512,CSE5,small_airport,Montmagny Airport,47.000834,-70.518293,37,,Canada,CA,Quebec,CA-QC,QC,Montmagny,0,CSE5,,,CSE5,,https://en.wikipedia.org/wiki/Montmagny_Airport,SE5,50,2022-03-23T13:32:46+00:00
1303,CNF3,small_airport,Pendleton Airport,45.486099,-75.0961,260,,Canada,CA,Ontario,CA-ON,ON,Pendleton,0,CNF3,,,CNF3,,https://en.wikipedia.org/wiki/Pendleton_Airport,NF3,50,2022-09-20T11:23:42+00:00
859,CEH6,small_airport,Provost Airport,52.33810043,-110.2789993,2197,,Canada,CA,Alberta,CA-AB,AB,Provost,0,CEH6,,,CEH6,,https://en.wikipedia.org/wiki/Provost_Airport,EH6,50,2008-06-13T14:30:04+00:00
1049,CJB3,small_airport,Steinbach Airport,49.54940033,-96.67939758,850,,Canada,CA,Manitoba,CA-MB,MB,Steinbach,0,CJB3,,,CJB3,,https://en.wikipedia.org/wiki/Steinbach_Airport,JB3,50,2008-06-13T14:30:04+00:00
1935,CYVG,small_airport,Vermilion Airport,53.357714,-110.827388,2025,,Canada,CA,Alberta,CA-AB,AB,Vermilion,0,CYVG,CYVG,YVG,YVG,,https://en.wikipedia.org/wiki/Vermilion_Airport,YVG,50,2024-07-06T18:36:47+00:00
1064,CJE3,small_airport,Weyburn Airport,49.69749832,-103.8010025,1934,,Canada,CA,Saskatchewan,CA-SK,SK,Weyburn,0,CJE3,,,CJE3,,https://en.wikipedia.org/wiki/Weyburn_Airport,JE3,50,2008-06-13T14:30:04+00:00
1440,CPP6,small_airport,Grand River Executive Airport,43.037581,-79.853497,670,,Canada,CA,Ontario,CA-ON,ON,York,0,CPP6,,,CPP6,,https://en.wikipedia.org/wiki/York_Airport_(Ontario),"PP6, York Airport",50,2025-12-08T01:10:22+00:00
28332,CAC8,seaplane_base,Nanaimo Harbour Water Aerodrome,49.169813,-123.933845,,,Canada,CA,British Columbia,CA-BC,BC,Nanaimo,1,CAC8,,ZNA,CAC8,,https://en.wikipedia.org/wiki/Nanaimo_Harbour_Water_Airport,AC8,25,2024-05-09T19:16:08+00:00
1683,CYBX,medium_airport,Lourdes-de-Blanc-Sablon Airport,51.4436,-57.185299,121,,Canada,CA,Quebec,CA-QC,QC,Blanc-Sablon,1,CYBX,CYBX,YBX,,,https://en.wikipedia.org/wiki/Lourdes-de-Blanc-Sablon_Airport,,750,2022-08-16T10:45:57+00:00
1907,CYSM,medium_airport,Fort Smith Airport,60.020302,-111.961998,671,,Canada,CA,Northwest Territories,CA-NT,NT,Fort Smith,1,CYSM,CYSM,YSM,,,https://en.wikipedia.org/wiki/Fort_Smith_Airport,,750,2021-09-03T12:02:52+00:00
1658,CYAQ,medium_airport,Kasabonika Airport,53.52470016,-88.64279938,672,,Canada,CA,Ontario,CA-ON,ON,Kasabonika,1,CYAQ,CYAQ,XKS,,,https://en.wikipedia.org/wiki/Kasabonika_Airport,YAQ,750,2008-06-13T14:30:04+00:00
1822,CYNA,medium_airport,Natashquan Airport,50.190114,-61.78898,39,,Canada,CA,Quebec,CA-QC,QC,Natashquan,1,CYNA,CYNA,YNA,,,https://en.wikipedia.org/wiki/Natashquan_Airport,,750,2024-07-23T04:24:15+00:00
1888,CYRJ,medium_airport,Roberval Airport,48.519665,-72.265735,586,,Canada,CA,Quebec,CA-QC,QC,Roberval,1,CYRJ,CYRJ,YRJ,,,https://en.wikipedia.org/wiki/Roberval_Airport,,750,2024-07-06T17:06:15+00:00
664,CBBC,medium_airport,Bella Bella (Campbell Island) Airport,52.185001,-128.156994,141,,Canada,CA,British Columbia,CA-BC,BC,Bella Bella,1,CBBC,CBBC,ZEL,CBBC,,https://en.wikipedia.org/wiki/Bella_Bella_(Campbell_Island)_Airport,BBC,500,2022-07-07T17:15:35+00:00
1670,CYBD,medium_airport,Bella Coola Airport,52.387501,-126.596001,117,,Canada,CA,British Columbia,CA-BC,BC,Bella Coola,1,CYBD,CYBD,QBC,,,https://en.wikipedia.org/wiki/Bella_Coola_Airport,YBD,500,2016-05-31T10:07:42+00:00
1932,CYVB,medium_airport,Bonaventure Airport,48.071098,-65.460297,123,,Canada,CA,Quebec,CA-QC,QC,Bonaventure,1,CYVB,CYVB,YVB,,,https://en.wikipedia.org/wiki/Bonaventure_Airport,,500,2024-04-04T13:51:18+00:00
1751,CYGV,medium_airport,Havre-Saint-Pierre Airport,50.281898,-63.611401,124,,Canada,CA,Quebec,CA-QC,QC,Havre-Saint-Pierre,1,CYGV,CYGV,YGV,,,https://en.wikipedia.org/wiki/Havre_St-Pierre_Airport,,500,2024-04-04T13:53:50+00:00
1794,CYKY,medium_airport,Kindersley Airport,51.51750183,-109.1809998,2277,,Canada,CA,Saskatchewan,CA-SK,SK,Kindersley,0,CYKY,CYKY,YKY,YKY,,https://en.wikipedia.org/wiki/Kindersley_Airport,YKY,250,2010-05-09T16:04:16+00:00
1793,CYKX,medium_airport,Kirkland Lake Airport,48.21030045,-79.98139954,1157,,Canada,CA,Ontario,CA-ON,ON,Kirkland Lake,0,CYKX,CYKX,YKX,,,https://en.wikipedia.org/wiki/Kirkland_Lake_Airport,,250,2008-06-13T14:30:04+00:00
2025,CZKE,small_airport,Kashechewan Airport,52.282501,-81.677803,35,,Canada,CA,Ontario,CA-ON,ON,Kashechewan,1,CZKE,CZKE,ZKE,,,https://en.wikipedia.org/wiki/Kashechewan_Airport,,150,2024-04-04T12:59:48+00:00
1693,CYCO,small_airport,Kugluktuk Airport,67.816408,-115.14307,74,,Canada,CA,Nunavut,CA-NU,NU,Kugluktuk,1,CYCO,CYCO,YCO,,,https://en.wikipedia.org/wiki/Kugluktuk_Airport,Copper Mine Airport,150,2024-04-04T12:36:05+00:00
1833,CYOC,small_airport,Old Crow Airport,67.570602,-139.839005,824,,Canada,CA,Yukon,CA-YT,YT,Old Crow,1,CYOC,CYOC,YOC,,,https://en.wikipedia.org/wiki/Old_Crow_Airport,,150,2024-04-04T13:59:41+00:00
1362,CNY4,small_airport,Alliston Airport,44.18330002,-79.83709717,720,,Canada,CA,Ontario,CA-ON,ON,Alliston,0,CNY4,,,CNY4,,https://en.wikipedia.org/wiki/Alliston_Airport,NY4,50,2008-06-13T14:30:04+00:00
1348,CNU4,small_airport,Belleville Aerodrome,44.1922,-77.309402,320,,Canada,CA,Ontario,CA-ON,ON,Belleville,0,CNU4,,,CNU4,,https://en.wikipedia.org/wiki/Belleville_Aerodrome,NU4,50,2022-02-11T15:51:17+00:00
1384,CPC3,small_airport,Walter's Field,43.840579,-80.442882,1550,,Canada,CA,Ontario,CA-ON,ON,Belwood,0,CPC3,,,CPC3,,https://en.wikipedia.org/wiki/Arthur_East_Airport,"PC3, Arthur, Arthur East",50,2023-12-02T12:21:09+00:00
46497,CLB2,small_airport,Lubitz Field,43.305948,-80.548514,980,,Canada,CA,Ontario,CA-ON,ON,Bright,0,CLB2,,,,,https://en.wikipedia.org/wiki/Plattsville_(Lubitz_Flying_Field)_Aerodrome,Plattsville,50,2023-12-02T12:06:33+00:00
896,CES4,small_airport,Westlock Airport,54.141733,-113.74044,2214,,Canada,CA,Alberta,CA-AB,AB,Clyde,0,CES4,,,CES4,,https://en.wikipedia.org/wiki/Westlock_Airport,ES4,50,2024-07-10T11:20:37+00:00
1444,CPR2,small_airport,Ottawa/Embrun Aerodrome,45.239703,-75.302423,230,,Canada,CA,Ontario,CA-ON,ON,Embrun,0,CPR2,,,CPR2,,https://en.wikipedia.org/wiki/Ottawa/Embrun_Aerodrome,"PR2, Embrun Airpark, Embrun Airport",50,2024-07-26T21:46:10+00:00
612,CAA8,small_airport,Invermere Airport,50.521502,-116.005775,2820,,Canada,CA,British Columbia,CA-BC,BC,Invermere,0,CAA8,,,CAA8,,https://en.wikipedia.org/wiki/Invermere_Airport,AA8,50,2021-02-11T21:00:24+00:00
1450,CPS2,small_airport,Elmhirst's Resort Airport,44.252085,-78.106699,650,,Canada,CA,Ontario,CA-ON,ON,Keene,0,CPS2,,,CPS2,,https://en.wikipedia.org/wiki/Keene/Elmhirst's_Resort_Airport,PS2,50,2024-07-04T01:26:57+00:00
851,CEG3,small_airport,Lacombe Airport,52.48830032,-113.711998,2783,,Canada,CA,Alberta,CA-AB,AB,Lacombe,0,CEG3,,,CEG3,,https://en.wikipedia.org/wiki/Lacombe_Airport,EG3,50,2008-06-13T14:30:04+00:00
1560,CST3,small_airport,Montreal / St-Lazare Airport,45.39032829,-74.13400412,175,,Canada,CA,Quebec,CA-QC,QC,Montréal,0,CST3,,,CST3,,https://en.wikipedia.org/wiki/Montr%C3%A9al/St-Lazare_Airport,ST3,50,2011-04-23T14:06:11+00:00
1122,CJS4,small_airport,Moose Jaw Municipal Airport,50.43466,-105.387744,1896,,Canada,CA,Saskatchewan,CA-SK,SK,Moose Jaw,0,CJS4,,,CJS4,,https://en.wikipedia.org/wiki/Moose_Jaw_Municipal_Airport,JS4,50,2022-01-29T02:12:19+00:00
1886,CYRC,small_airport,Chicoutimi/Saint-Honoré Aerodrome,48.520963,-71.05256,543,,Canada,CA,Quebec,CA-QC,QC,Saint-Honoré,0,CYRC,,,,,https://en.wikipedia.org/wiki/Chicoutimi/Saint-Honor%C3%A9_Aerodrome,"YRC, RCAF Saint-Honoré",50,2024-07-06T17:12:53+00:00
878,CEN3,small_airport,Three Hills Airport,51.69670105,-113.2089996,2975,,Canada,CA,Alberta,CA-AB,AB,Three Hills,0,CEN3,,,CEN3,,https://en.wikipedia.org/wiki/Three_Hills_Airport,EN3,50,2008-06-13T14:30:04+00:00
906,CEV3,small_airport,Vegreville Airport,53.51440048,-112.0270004,2072,,Canada,CA,Alberta,CA-AB,AB,Vegreville,0,CEV3,,,CEV3,,https://en.wikipedia.org/wiki/Vegreville_Airport,EV3,50,2008-06-13T14:30:04+00:00
1552,CSR3,small_airport,Victoriaville Airport,46.110604,-71.931906,486,,Canada,CA,Quebec,CA-QC,QC,Victoriaville,0,CSR3,,,CSR3,,https://en.wikipedia.org/wiki/Victoriaville_Airport,SR3,50,2022-03-23T13:31:10+00:00
1448,CPR7,small_airport,Wingham / Richard W. LeVan Airport,43.86750031,-81.29859924,1075,,Canada,CA,Ontario,CA-ON,ON,Wingham,0,CPR7,,,CPR7,,https://en.wikipedia.org/wiki/Wingham_Airport,PR7,50,2011-04-23T20:37:30+00:00
28454,CAM9,seaplane_base,Vancouver International Seaplane Base,49.177047,-123.168154,0,,Canada,CA,British Columbia,CA-BC,BC,Vancouver,1,CAM9,,,CAM9,,https://en.wikipedia.org/wiki/Vancouver_International_Water_Airport,AM9,25,2016-10-09T20:16:52+00:00
1752,CYGW,medium_airport,Kuujjuarapik Airport,55.2818985,-77.76529694,34,,Canada,CA,Quebec,CA-QC,QC,Kuujjuarapik,1,CYGW,CYGW,YGW,,,https://en.wikipedia.org/wiki/Kuujjuarapik_Airport,,750,2008-06-13T14:30:04+00:00
1828,CYNL,medium_airport,Points North Landing Airport,58.27669907,-104.0820007,1605,,Canada,CA,Saskatchewan,CA-SK,SK,Points North Landing,1,CYNL,CYNL,YNL,,,https://en.wikipedia.org/wiki/Points_North_Landing_Airport,,750,2008-06-13T14:30:04+00:00
1838,CYOP,medium_airport,Rainbow Lake Airport,58.491402,-119.407997,1759,,Canada,CA,Alberta,CA-AB,AB,Rainbow Lake,0,CYOP,CYOP,YOP,,,https://en.wikipedia.org/wiki/Rainbow_Lake_Airport,,750,2024-04-03T19:06:22+00:00
1919,CYTF,medium_airport,Alma Airport,48.5089,-71.641899,445,,Canada,CA,Quebec,CA-QC,QC,Alma,0,CYTF,CYTF,YTF,,,https://en.wikipedia.org/wiki/Alma_Airport,,500,2024-04-04T13:35:04+00:00
2043,CZUM,small_airport,Churchill Falls Airport,53.56190109,-64.10639954,1442,,Canada,CA,Newfoundland and Labrador,CA-NL,NL,Churchill Falls,1,CZUM,CZUM,ZUM,,,https://en.wikipedia.org/wiki/Churchill_Falls_Airport,ZUM,150,2008-06-13T14:30:04+00:00
1944,CYVZ,small_airport,Deer Lake Airport,52.655613,-94.061208,1092,,Canada,CA,Ontario,CA-ON,ON,Deer Lake,1,CYVZ,CYVZ,YVZ,,,https://en.wikipedia.org/wiki/Deer_Lake_Airport_(Ontario),,150,2024-04-04T13:00:50+00:00
1948,CYWJ,small_airport,Déline Airport,65.211098,-123.435997,703,,Canada,CA,Northwest Territories,CA-NT,NT,Déline,1,CYWJ,CYWJ,YWJ,,,https://en.wikipedia.org/wiki/Deline_Airport,"Délı̨nę, Fort Franklin",150,2024-04-04T12:20:26+00:00
30592,CAL4,small_airport,Fort MacKay/Albian Aerodrome,57.22389984,-111.4189987,1048,,Canada,CA,Alberta,CA-AB,AB,Albian Village,0,CAL4,,JHL,CAL4,,https://en.wikipedia.org/wiki/Fort_MacKay/Albian_Aerodrome,"Shell Canada, Jackpine Mine",50,2012-03-08T16:07:01+00:00
1383,CPB9,small_airport,Baldwin Airport,44.26720047,-79.34059906,750,,Canada,CA,Ontario,CA-ON,ON,Baldwin,0,CPB9,,,CPB9,,https://en.wikipedia.org/wiki/Baldwin_Airport,PB9,50,2008-06-13T14:30:04+00:00
1004,CFV2,small_airport,Beiseker Airport,51.3932991,-113.4720001,3036,,Canada,CA,Alberta,CA-AB,AB,Beiseker,0,CFV2,,,CFV2,,https://en.wikipedia.org/wiki/Beiseker_Airport,FV2,50,2008-06-13T14:30:04+00:00
1434,CPM7,small_airport,Bradford Aerodrome,44.135971,-79.628688,973,,Canada,CA,Ontario,CA-ON,ON,Bradford West Gwillimbury,0,CPM7,,,CPM7,,https://en.wikipedia.org/wiki/Bradford_Airport,PM7,50,2024-07-12T01:54:58+00:00
44455,CA-0307,small_airport,Orono / Hawkefield Aerodrome,44.0,-78.6488,620,,Canada,CA,Ontario,CA-ON,ON,Clarington,0,CHF4,,,CHF4,,https://en.wikipedia.org/wiki/Orono/Hawkefield_Aerodrome,,50,2024-05-19T21:47:04+00:00
631,CAM3,small_airport,Duncan Airport,48.754534,-123.709702,300,,Canada,CA,British Columbia,CA-BC,BC,Duncan,0,CAM3,,DUQ,CAM3,,https://en.wikipedia.org/wiki/Duncan_Airport,AM3,50,2022-01-09T11:10:15+00:00
1723,CYES,small_airport,Edmundston Airport,47.487208,-68.477732,490,,Canada,CA,New Brunswick,CA-NB,NB,Edmundston,0,CYES,,,,,https://en.wikipedia.org/wiki/Edmundston_Airport,YES,50,2022-03-04T18:06:21+00:00
639,CYLI,small_airport,Lillooet Airport,50.674702,-121.893997,1320,,Canada,CA,British Columbia,CA-BC,BC,Lillooet,0,CYLI,,,,,https://en.wikipedia.org/wiki/Lillooet_Airport,"AR3, CAR3",50,2017-04-01T13:56:59+00:00
1016,CFX4,small_airport,Manning Municipal Airport,56.950802,-117.643997,1612,,Canada,CA,Alberta,CA-AB,AB,Manning,0,CFX4,,,CFX4,,https://en.wikipedia.org/wiki/Manning_Airport,FX4,50,2024-06-26T14:20:41+00:00
1528,CA-1095,closed,Montreal / Mascouche Airport,45.718601,-73.598099,75,,Canada,CA,Quebec,CA-QC,QC,Montréal,0,,,,,,https://en.wikipedia.org/wiki/Montr%C3%A9al/Mascouche_Airport,"SK3, CSK3, CSK3",50,2025-02-25T14:37:54+00:00
646,CAU3,small_airport,Oliver Airport,49.1733017,-119.5510025,1015,,Canada,CA,British Columbia,CA-BC,BC,Oliver,0,CAU3,,,CAU3,,https://en.wikipedia.org/wiki/Oliver_Airport,AU3,50,2008-06-13T14:30:04+00:00
1456,CPT3,small_airport,Rockton Airport,43.32220078,-80.17639923,846,,Canada,CA,Ontario,CA-ON,ON,Rockton,0,CPT3,,,CPT3,,https://en.wikipedia.org/wiki/Rockton_Airport,PT3,50,2008-06-13T14:30:04+00:00
1325,CNN3,small_airport,Shelburne / Fisher Field,44.027734,-80.205922,1675,,Canada,CA,Ontario,CA-ON,ON,Shelburne,0,CNN3,,,CNN3,,https://en.wikipedia.org/wiki/Shelburne/Fisher Field Aerodrome,"NN3, Burbank",50,2024-07-24T15:20:12+00:00
46534,CFG6,small_airport,Fort Mackay / Firebag,57.275833,-110.976666,1762,,Canada,CA,Alberta,CA-AB,AB,Suncor Energy Site,0,CYFI,,YFI,CYFI,,https://en.wikipedia.org/wiki/Fort_MacKay/Firebag_Aerodrome,"CFG6, Wood Buffalo",50,2022-08-25T20:12:20+00:00
1922,CYTN,small_airport,Trenton Airport,45.611904,-62.621102,319,,Canada,CA,Nova Scotia,CA-NS,NS,Trenton,0,CYTN,,,,,https://en.wikipedia.org/wiki/Trenton_Airport_(Nova_Scotia),"YTN, CU3",50,2017-10-07T16:00:04+00:00
786,CCW3,small_airport,Waterville / Kings County Municipal Airport,45.05189896,-64.65170288,119,,Canada,CA,Nova Scotia,CA-NS,NS,Waterville,0,CCW3,,,CCW3,,https://en.wikipedia.org/wiki/Waterville/Kings_County_Municipal_Airport,CW3,50,2011-04-23T19:33:35+00:00
1980,CYYL,medium_airport,Lynn Lake Airport,56.86389923,-101.0759964,,,Canada,CA,Manitoba,CA-MB,MB,Lynn Lake,1,CYYL,CYYL,YYL,,,https://en.wikipedia.org/wiki/Lynn_Lake_Airport,,750,2008-06-13T14:30:04+00:00
2037,CZSJ,medium_airport,Sandy Lake Airport,53.06420135,-93.3443985,951,,Canada,CA,Ontario,CA-ON,ON,Sandy Lake,1,CZSJ,CZSJ,ZSJ,,,https://en.wikipedia.org/wiki/Sandy_Lake_Airport,,750,2008-06-13T14:30:04+00:00
1930,CYUX,medium_airport,Hall Beach Airport,68.7761,-81.2425,30,,Canada,CA,Nunavut,CA-NU,NU,Sanirajak,1,CYUX,CYUX,YUX,,,https://en.wikipedia.org/wiki/Hall_Beach_Airport,,750,2021-12-31T15:42:14+00:00
1862,CYPZ,medium_airport,Burns Lake Airport,54.3764,-125.950996,2343,,Canada,CA,British Columbia,CA-BC,BC,Burns Lake,1,CYPZ,CYPZ,YPZ,YPZ,,https://en.wikipedia.org/wiki/Burns_Lake_Airport,YPZ,500,2022-07-07T17:33:44+00:00
1771,CYIB,medium_airport,Atikokan Municipal Airport,48.773899,-91.638603,1408,,Canada,CA,Ontario,CA-ON,ON,Atikokan,0,CYIB,CYIB,YIB,,http://www.atikokaninfo.com/community/transportation/airport/,https://en.wikipedia.org/wiki/Atikokan_Municipal_Airport,,250,2025-05-12T03:19:39+00:00
1695,CYCQ,medium_airport,Chetwynd Airport,55.68719864,-121.6269989,2000,,Canada,CA,British Columbia,CA-BC,BC,Chetwynd,0,CYCQ,CYCQ,YCQ,,,https://en.wikipedia.org/wiki/Chetwynd_Airport,,250,2008-06-13T14:30:04+00:00
1772,CYID,medium_airport,Digby / Annapolis Regional Airport,44.54584504,-65.78542471,499,,Canada,CA,Nova Scotia,CA-NS,NS,Digby,0,CYID,CYID,YDG,,,https://en.wikipedia.org/wiki/Digby_Airport,YID,250,2010-12-24T17:11:54+00:00
1789,CYKJ,medium_airport,Key Lake Airport,57.2560997,-105.6179962,Geoinfo,,Canada,CA,Saskatchewan,CA-SK,SK,Key Lake,0,CYKJ,CYKJ,YKJ,,,https://en.wikipedia.org/wiki/Key_Lake_Airport,,250,2008-06-13T14:30:04+00:00
2039,CZST,medium_airport,Stewart Airport,55.93541045,-129.9824345,24,,Canada,CA,British Columbia,CA-BC,BC,Stewart,0,CZST,CZST,ZST,CZST,,https://en.wikipedia.org/wiki/Stewart_Airport_(British_Columbia),,250,2013-03-31T01:48:17+00:00
1934,CYVD,medium_airport,Virden / RJ (Bob) Andrew Field Regional Aerodrome,49.8783,-100.917999,1454,,Canada,CA,Manitoba,CA-MB,MB,Virden,0,CYVD,,,YVD,,https://en.wikipedia.org/wiki/Virden_Airport,,250,2022-02-24T20:09:11+00:00
1656,CYAL,small_airport,Alert Bay Airport,50.582199,-126.916,240,,Canada,CA,British Columbia,CA-BC,BC,Alert Bay,1,CYAL,CYAL,YAL,,,https://en.wikipedia.org/wiki/Alert_Bay_Airport,,150,2024-04-03T19:58:59+00:00
1760,CYHH,small_airport,Nemiscau Airport,51.691101,-76.135597,802,,Canada,CA,Quebec,CA-QC,QC,Nemiscau,1,CYHH,CYHH,YNS,,,https://en.wikipedia.org/wiki/Nemiscau_Airport,YHH,150,2024-04-04T13:35:49+00:00
1825,CYNE,small_airport,Norway House Airport,53.958302,-97.8442,734,,Canada,CA,Manitoba,CA-MB,MB,Norway House,1,CYNE,CYNE,YNE,,,https://en.wikipedia.org/wiki/Norway_House_Airport,,150,2024-04-03T23:34:33+00:00
1850,CYPM,small_airport,Pikangikum Airport,51.819698,-93.973297,1114,,Canada,CA,Ontario,CA-ON,ON,Pikangikum,1,CYPM,CYPM,YPM,,,https://en.wikipedia.org/wiki/Pikangikum_Airport,,150,2024-04-04T13:02:46+00:00
1823,CYNC,small_airport,Wemindji Airport,53.010601,-78.8311,66,,Canada,CA,Quebec,CA-QC,QC,Wemindji,1,CYNC,CYNC,YNC,,,https://en.wikipedia.org/wiki/Wemindji_Airport,,150,2024-04-04T13:39:11+00:00
1100,CJN4,small_airport,Assiniboia Airport,49.73469925,-105.9469986,2370,,Canada,CA,Saskatchewan,CA-SK,SK,Assiniboia,0,CJN4,,,CJN4,,https://en.wikipedia.org/wiki/Assiniboia_Airport,JN4,50,2008-06-13T14:30:04+00:00
1725,CYEU,small_airport,Eureka Airport,79.99469757,-85.81420136,256,,Canada,CA,Nunavut,CA-NU,NU,Eureka,0,CYEU,CYEU,YEU,,,https://en.wikipedia.org/wiki/Eureka_Aerodrome,YEU,50,2011-11-13T02:52:43+00:00
2022,CZHP,small_airport,High Prairie Airport,55.3936,-116.474998,1974,,Canada,CA,Alberta,CA-AB,AB,High Prairie,0,CZHP,CZHP,ZHP,,,https://en.wikipedia.org/wiki/High_Prairie_Airport,ZHP,50,2024-07-10T12:25:49+00:00
1132,CJU4,small_airport,Humboldt Airport,52.17610168,-105.1269989,1865,,Canada,CA,Saskatchewan,CA-SK,SK,Humboldt,0,CJU4,,,CJU4,,https://en.wikipedia.org/wiki/Humboldt_Airport,JU4,50,2008-06-13T14:30:04+00:00
1020,CFY4,small_airport,Winters Aire Park Airport,50.90481901,-113.7962151,3370,,Canada,CA,Alberta,CA-AB,AB,Indus,0,CFY4,,,CFY4,http://www.ezflyer.com/,https://en.wikipedia.org/wiki/Indus/Winters_Aire_Park_Airport,FY4,50,2010-12-08T21:34:10+00:00
1517,CSG3,small_airport,Joliette Airport,46.044464,-73.501539,225,,Canada,CA,Quebec,CA-QC,QC,Joliette,0,CSG3,,,CSG3,https://www.facebook.com/Aeroport.Joliette,https://en.wikipedia.org/wiki/Joliette_Airport,SG3,50,2023-08-29T13:34:11+00:00
1045,CJA3,small_airport,Morden Regional Airport,49.208626,-98.063536,950,,Canada,CA,Manitoba,CA-MB,MB,Morden,0,CJA3,,,CJA3,,https://en.wikipedia.org/wiki/Morden_Airport,JA3,50,2022-07-20T12:42:25+00:00
1138,CJV5,small_airport,Neepawa Airport,50.23279953,-99.51059723,1277,,Canada,CA,Manitoba,CA-MB,MB,Neepawa,0,CJV5,,,CJV5,,https://en.wikipedia.org/wiki/Neepawa_Airport,JV5,50,2008-06-13T14:30:04+00:00
663,CBB9,small_airport,Osoyoos Airport,49.03720093,-119.4889984,1100,,Canada,CA,British Columbia,CA-BC,BC,Osoyoos,0,CBB9,,,CBB9,http://www.sunnyosoyoos.com/webpages1/airport.htm,https://en.wikipedia.org/wiki/Osoyoos_Airport,BB9,50,2010-05-18T18:20:49+00:00
779,CCS3,small_airport,Saint Stephen Airport,45.2075,-67.250603,96,,Canada,CA,New Brunswick,CA-NB,NB,Saint Stephen,0,CCS3,,,CCS3,,https://en.wikipedia.org/wiki/St._Stephen_Airport,"CS3, Giddens Memorial",50,2023-05-19T15:53:45+00:00
662,CA-1008,closed,Tipella Airport,49.743099,-122.163002,55,,Canada,CA,British Columbia,CA-BC,BC,Tipella,0,,,,,,https://en.wikipedia.org/wiki/Tipella_Airport,"BB7, CBB7",50,2025-02-25T14:37:46+00:00
1433,CPM5,small_airport,Volk Airport,43.993803,-79.778445,1020,,Canada,CA,Ontario,CA-ON,ON,Tottenham,0,CPM5,,,CPM5,,https://en.wikipedia.org/wiki/Tottenham/Volk_Airport,PM5,50,2017-03-23T12:24:31+00:00
1551,CSQ3,small_airport,Valcourt Airport,45.48109818,-72.31030273,740,,Canada,CA,Quebec,CA-QC,QC,Valcourt,0,CSQ3,,,CSQ3,,https://en.wikipedia.org/wiki/Valcourt_Airport,SQ3,50,2008-06-13T14:30:04+00:00
844,CEE5,small_airport,Wabasca Airport,55.961445,-113.81866,1827,,Canada,CA,Alberta,CA-AB,AB,Wabasca-Desmarais,0,CEE5,,,CEE5,,https://en.wikipedia.org/wiki/Wabasca_Airport,EE5,50,2024-07-03T05:47:44+00:00
1447,CPR5,small_airport,Woodstock Airport,43.108268,-80.821867,1040,,Canada,CA,Ontario,CA-ON,ON,Woodstock,0,CPR5,,,CPR5,,https://en.wikipedia.org/wiki/Woodstock_Airport_(Ontario),PR5,50,2022-02-22T16:59:16+00:00
1998,CYZS,medium_airport,Coral Harbour Airport,64.19329834,-83.35939789,210,,Canada,CA,Nunavut,CA-NU,NU,Coral Harbour,1,CYZS,CYZS,YZS,,,https://en.wikipedia.org/wiki/Coral_Harbour_Airport,,750,2011-11-13T02:29:51+00:00
1776,CYIV,medium_airport,Island Lake Airport,53.85720062,-94.6536026,770,,Canada,CA,Manitoba,CA-MB,MB,Island Lake,1,CYIV,CYIV,YIV,,,https://en.wikipedia.org/wiki/Island_Lake_Airport,,750,2008-06-13T14:30:04+00:00
1773,CYIF,medium_airport,St Augustin Airport,51.2117,-58.658298,20,,Canada,CA,Quebec,CA-QC,QC,St-Augustin,1,CYIF,CYIF,YIF,,,https://en.wikipedia.org/wiki/St-Augustin_Airport,Pakuashipi Airport,500,2024-04-04T13:50:57+00:00
1711,CYDO,medium_airport,Dolbeau-Saint-Felicien Airport,48.7785,-72.375,372,,Canada,CA,Quebec,CA-QC,QC,Dolbeau-Saint-Felicien,0,CYDO,CYDO,YDO,,,https://en.wikipedia.org/wiki/Dolbeau-St-F%C3%A9licien_Airport,Dolbeau St Methode,250,2024-07-06T17:07:19+00:00
1736,CYFR,medium_airport,Fort Resolution Airport,61.18080139,-113.6900024,526,,Canada,CA,Northwest Territories,CA-NT,NT,Fort Resolution,0,CYFR,CYFR,YFR,,,https://en.wikipedia.org/wiki/Fort_Resolution_Airport,YFR,250,2010-05-09T16:23:02+00:00
2019,CZGF,medium_airport,Grand Forks Airport,49.015598,-118.431,1720,,Canada,CA,British Columbia,CA-BC,BC,Grand Forks,0,CZGF,CZGF,ZGF,,,https://en.wikipedia.org/wiki/Grand_Forks_Airport,,250,2021-12-13T17:21:10+00:00
1906,CYSL,medium_airport,Saint-Léonard Airport,47.157097,-67.836242,793,,Canada,CA,New Brunswick,CA-NB,NB,Saint-Léonard,0,CYSL,CYSL,YSL,,,https://en.wikipedia.org/wiki/St._Leonard_Airport,"St. Leonard, St Leonard",250,2022-11-01T13:42:26+00:00
1766,CYHR,small_airport,Chevery Airport,50.468322,-59.637823,39,,Canada,CA,Quebec,CA-QC,QC,Chevery,1,CYHR,CYHR,YHR,,,https://en.wikipedia.org/wiki/Chevery_Airport,,150,2024-04-04T13:40:09+00:00
1728,CYFA,small_airport,Fort Albany Airport,52.203451,-81.695194,48,,Canada,CA,Ontario,CA-ON,ON,Fort Albany,1,CYFA,CYFA,YFA,,,https://en.wikipedia.org/wiki/Fort_Albany_Airport,,150,2024-04-04T13:03:41+00:00
1722,CYER,small_airport,Fort Severn Airport,56.018902,-87.676102,48,,Canada,CA,Ontario,CA-ON,ON,Fort Severn,1,CYER,CYER,YER,,,https://en.wikipedia.org/wiki/Fort_Severn_Airport,,150,2024-04-04T13:04:18+00:00
2020,CZGI,small_airport,Gods River Airport,54.839699,-94.078598,627,,Canada,CA,Manitoba,CA-MB,MB,Gods River,1,CZGI,CZGI,ZGI,,,https://en.wikipedia.org/wiki/Gods_River_Airport,,150,2024-04-03T23:17:47+00:00
1847,CYPH,small_airport,Inukjuak Airport,58.471901,-78.076897,83,,Canada,CA,Quebec,CA-QC,QC,Inukjuak,1,CYPH,CYPH,YPH,,,https://en.wikipedia.org/wiki/Inukjuak_Airport,,150,2024-04-04T13:41:11+00:00
1963,CYXP,small_airport,Pangnirtung Airport,66.144878,-65.713606,75,,Canada,CA,Nunavut,CA-NU,NU,Pangnirtung,1,CYXP,CYXP,YXP,,,https://en.wikipedia.org/wiki/Pangnirtung_Airport,,150,2024-04-04T12:39:08+00:00
1937,CYVM,small_airport,Qikiqtarjuaq Airport,67.54656,-64.03141,21,,Canada,CA,Nunavut,CA-NU,NU,Qikiqtarjuaq,1,CYVM,CYVM,YVM,,,https://en.wikipedia.org/wiki/Qikiqtarjuaq_Airport,Broughton Island,150,2025-10-29T17:06:52+00:00
2033,CZPB,small_airport,Sachigo Lake Airport,53.890885,-92.195935,876,,Canada,CA,Ontario,CA-ON,ON,Sachigo Lake,1,CZPB,CZPB,ZPB,,,https://en.wikipedia.org/wiki/Sachigo_Lake_Airport,,150,2024-04-04T13:05:50+00:00
2041,CZTM,small_airport,Shamattawa Airport,55.86356,-92.081137,289,,Canada,CA,Manitoba,CA-MB,MB,Shamattawa,1,CZTM,CZTM,ZTM,,,https://en.wikipedia.org/wiki/Shamattawa_Airport,,150,2024-04-03T23:23:11+00:00
2018,CZFN,small_airport,Tulita Airport,64.909496,-125.570297,332,,Canada,CA,Northwest Territories,CA-NT,NT,Tulita,1,CZFN,CZFN,ZFN,,,https://en.wikipedia.org/wiki/Tulita_Airport,Fort Norman,150,2024-04-04T12:24:21+00:00
1792,CYKQ,small_airport,Waskaganish Airport,51.473301,-78.758301,80,,Canada,CA,Quebec,CA-QC,QC,Waskaganish,1,CYKQ,CYKQ,YKQ,,,https://en.wikipedia.org/wiki/Waskaganish_Airport,,150,2024-04-04T13:41:47+00:00
1962,CYXN,small_airport,Whale Cove Airport,62.240002,-92.598099,40,,Canada,CA,Nunavut,CA-NU,NU,Whale Cove,1,CYXN,CYXN,YXN,,,https://en.wikipedia.org/wiki/Whale_Cove_Airport,,150,2024-04-04T12:43:43+00:00
2005,CZAC,small_airport,York Landing Airport,56.089401,-96.089203,621,,Canada,CA,Manitoba,CA-MB,MB,York Landing,0,CZAC,CZAC,ZAC,,,https://en.wikipedia.org/wiki/York_Landing_Airport,,150,2025-02-05T18:47:58+00:00
1617,CTT5,small_airport,La Romaine Airport,50.259553,-60.674357,90,,Canada,CA,Quebec,CA-QC,QC,Le Golfe-du-Saint-Laurent,1,CTT5,,ZGS,CTT5,,https://en.wikipedia.org/wiki/La_Romaine_Airport,"Gethsemani, La Romaine",100,2024-07-08T12:49:36+00:00
883,CEP3,small_airport,Barrhead Airport,54.096874,-114.438868,2121,,Canada,CA,Alberta,CA-AB,AB,Barrhead,0,CEP3,,,CEP3,,https://en.wikipedia.org/wiki/Barrhead_Airport,EP3,50,2024-07-10T11:11:14+00:00
1574,CSX7,small_airport,Sexsmith (Exeter) Airport,43.376357,-81.507139,856,,Canada,CA,Ontario,CA-ON,ON,Bluewater,0,CSX7,,,CSX7,,https://en.wikipedia.org/wiki/Sexsmith/Exeter_Airport,SX7,50,2022-07-12T11:46:03+00:00
1108,CJQ3,small_airport,Carlyle Airport,49.64440155,-102.2870026,2074,,Canada,CA,Saskatchewan,CA-SK,SK,Carlyle,0,CJQ3,,,CJQ3,,https://en.wikipedia.org/wiki/Carlyle_Airport,JQ3,50,2008-06-13T14:30:04+00:00
794,CCZ3,small_airport,Clarenville Airport,48.2747,-53.923901,199,,Canada,CA,Newfoundland and Labrador,CA-NL,NL,Clarenville,0,CCZ3,,,CCZ3,,https://en.wikipedia.org/wiki/Clarenville_Airport,,50,2025-02-12T20:06:45+00:00
988,CFR7,small_airport,Red Deer Forestry Airport,51.651402,-115.238998,4646,,Canada,CA,Alberta,CA-AB,AB,Clearwater,0,CFR7,,,CFR7,,https://en.wikipedia.org/wiki/Red_Deer_Forestry_Airport,FR7,50,2022-03-01T13:52:13+00:00
